fqn,type,description,comment,deprecated,datatype,unit,min,max,allowed,default,instances
Vehicle.Powertrain.CombustionEngine.EngineCode,attribute,"Engine code designation, as specified by vehicle manufacturer.",For hybrid vehicles the engine code may refer to the combination of combustion and electric engine.,,string,,,,,,
Vehicle.Powertrain.CombustionEngine.Displacement,attribute,Displacement in cubic centimetres.,,,uint16,cm^3,,,,,
Vehicle.Powertrain.CombustionEngine.StrokeLength,attribute,Stroke length in millimetres.,,,float,mm,,,,,
Vehicle.Powertrain.CombustionEngine.Bore,attribute,Bore in millimetres.,,,float,mm,,,,,
Vehicle.Powertrain.CombustionEngine.Configuration,attribute,Engine configuration.,,,string,,,,"['UNKNOWN', 'STRAIGHT', 'V', 'BOXER', 'W', 'ROTARY', 'RADIAL', 'SQUARE', 'H', 'U', 'OPPOSED', 'X']",UNKNOWN,
Vehicle.Powertrain.CombustionEngine.NumberOfCylinders,attribute,Number of cylinders.,,,uint16,,,,,,
Vehicle.Powertrain.CombustionEngine.NumberOfValvesPerCylinder,attribute,Number of valves per cylinder.,,,uint16,,,,,,
Vehicle.Powertrain.CombustionEngine.CompressionRatio,attribute,"Engine compression ratio, specified in the format 'X:1', e.g. '9.2:1'.",,,string,,,,,,
Vehicle.Powertrain.CombustionEngine.EngineOilCapacity,attribute,Engine oil capacity in liters.,,,float,l,,,,,
Vehicle.Powertrain.CombustionEngine.EngineCoolantCapacity,attribute,Engine coolant capacity in liters.,,,float,l,,,,,
Vehicle.Powertrain.CombustionEngine.MaxPower,attribute,"Peak power, in kilowatts, that engine can generate.",,,uint16,kW,,,,0,
Vehicle.Powertrain.CombustionEngine.MaxTorque,attribute,"Peak torque, in newton meter, that the engine can generate.",,,uint16,Nm,,,,0,
Vehicle.Powertrain.CombustionEngine.AspirationType,attribute,"Type of aspiration (natural, turbocharger, supercharger etc).",,,string,,,,"['UNKNOWN', 'NATURAL', 'SUPERCHARGER', 'TURBOCHARGER']",UNKNOWN,
Vehicle.Powertrain.CombustionEngine.EngineOilLevel,sensor,Engine oil level.,,,string,,,,"['CRITICALLY_LOW', 'LOW', 'NORMAL', 'HIGH', 'CRITICALLY_HIGH']",,
Vehicle.Powertrain.CombustionEngine.OilLifeRemaining,sensor,Remaining engine oil life in seconds. Negative values can be used to indicate that lifetime has been exceeded.,In addition to this a signal a vehicle can report remaining time to service (including e.g. oil change) by Vehicle.Service.TimeToService.,,int32,s,,,,,
Vehicle.Powertrain.CombustionEngine.IsRunning,sensor,Engine Running. True if engine is rotating (Speed > 0).,,,boolean,,,,,,
Vehicle.Powertrain.CombustionEngine.Speed,sensor,Engine speed measured as rotations per minute.,,,uint16,rpm,,,,,
Vehicle.Powertrain.CombustionEngine.EngineHours,sensor,Accumulated time during engine lifetime with 'engine speed (rpm) > 0'.,,,float,h,,,,,
Vehicle.Powertrain.CombustionEngine.IdleHours,sensor,Accumulated idling time during engine lifetime. Definition of idling is not standardized.,Vehicles may calculate accumulated idle time for an engine. It might be based on engine speed (rpm) below a certain limit or any other mechanism.,,float,h,,,,,
Vehicle.Powertrain.CombustionEngine.ECT,sensor,Engine coolant temperature.,,,float,celsius,,,,,
Vehicle.Powertrain.CombustionEngine.EOT,sensor,Engine oil temperature.,,,float,celsius,,,,,
Vehicle.Powertrain.CombustionEngine.EngineOil.Capacity,attribute,Engine oil capacity in liters.,,,float,l,,,,,
Vehicle.Powertrain.CombustionEngine.EngineOil.Level,sensor,Engine oil level.,,,string,,,,"['CRITICALLY_LOW', 'LOW', 'NORMAL', 'HIGH', 'CRITICALLY_HIGH']",,
Vehicle.Powertrain.CombustionEngine.EngineOil.LifeRemaining,sensor,Remaining engine oil life in seconds. Negative values can be used to indicate that lifetime has been exceeded.,In addition to this a signal a vehicle can report remaining time to service (including e.g. oil change) by Vehicle.Service.TimeToService.,,int32,s,,,,,
Vehicle.Powertrain.CombustionEngine.EngineOil.Temperature,sensor,"EOT, Engine oil temperature.",,,float,celsius,,,,,
Vehicle.Powertrain.CombustionEngine.EngineCoolant.Capacity,attribute,Engine coolant capacity in liters.,,,float,l,,,,,
Vehicle.Powertrain.CombustionEngine.EngineCoolant.Temperature,sensor,Engine coolant temperature.,,,float,celsius,,,,,
Vehicle.Powertrain.CombustionEngine.EngineCoolant.Level,sensor,Engine coolant level.,,,string,,,,"['CRITICALLY_LOW', 'LOW', 'NORMAL']",,
Vehicle.Powertrain.CombustionEngine.EngineCoolant.LifeRemaining,sensor,Remaining engine coolant life in seconds. Negative values can be used to indicate that lifetime has been exceeded.,In addition to this a signal a vehicle can report remaining time to service (including e.g. coolant change) by Vehicle.Service.TimeToService.,,int32,s,,,,,
Vehicle.Powertrain.CombustionEngine.MAP,sensor,Manifold absolute pressure possibly boosted using forced induction.,,,uint16,kPa,,,,,
Vehicle.Powertrain.CombustionEngine.MAF,sensor,Grams of air drawn into engine per second.,,,uint16,g/s,,,,,
Vehicle.Powertrain.CombustionEngine.TPS,sensor,Current throttle position.,,,uint8,percent,,100,,,
Vehicle.Powertrain.CombustionEngine.EOP,sensor,Engine oil pressure.,,,uint16,kPa,,,,,
Vehicle.Powertrain.CombustionEngine.Power,sensor,Current engine power output. Shall be reported as 0 during engine breaking.,,,uint16,kW,,,,,
Vehicle.Powertrain.CombustionEngine.Torque,sensor,Current engine torque. Shall be reported as a negative number during engine breaking.,During engine breaking the engine delivers a negative torque to the transmission.,,int16,Nm,,,,,
Vehicle.Powertrain.CombustionEngine.DieselExhaustFluid.Capacity,attribute,Capacity in liters of the Diesel Exhaust Fluid Tank.,,,float,l,,,,,
Vehicle.Powertrain.CombustionEngine.DieselExhaustFluid.Level,sensor,Level of the Diesel Exhaust Fluid tank as percent of capacity. 0 = empty. 100 = full.,,,uint8,percent,0,100,,,
Vehicle.Powertrain.CombustionEngine.DieselExhaustFluid.Range,sensor,Remaining range in meters of the Diesel Exhaust Fluid present in the vehicle.,,,uint32,m,,,,,
Vehicle.Powertrain.CombustionEngine.DieselExhaustFluid.IsLevelLow,sensor,Indicates if the Diesel Exhaust Fluid level is low. True if level is low. Definition of low is vehicle dependent.,,,boolean,,,,,,
Vehicle.Powertrain.CombustionEngine.DieselParticulateFilter.InletTemperature,sensor,Inlet temperature of Diesel Particulate Filter.,,,float,celsius,,,,,
Vehicle.Powertrain.CombustionEngine.DieselParticulateFilter.OutletTemperature,sensor,Outlet temperature of Diesel Particulate Filter.,,,float,celsius,,,,,
Vehicle.Powertrain.CombustionEngine.DieselParticulateFilter.DeltaPressure,sensor,Delta Pressure of Diesel Particulate Filter.,,,float,Pa,,,,,
Vehicle.Powertrain.Transmission.Type,attribute,Transmission type.,,,string,,,,"['UNKNOWN', 'SEQUENTIAL', 'H', 'AUTOMATIC', 'DSG', 'CVT']",UNKNOWN,
Vehicle.Powertrain.Transmission.GearCount,attribute,Number of forward gears in the transmission. -1 = CVT.,,,int8,,,,,0,
Vehicle.Powertrain.Transmission.DriveType,attribute,Drive type.,,,string,,,,"['UNKNOWN', 'FORWARD_WHEEL_DRIVE', 'REAR_WHEEL_DRIVE', 'ALL_WHEEL_DRIVE']",UNKNOWN,
Vehicle.Powertrain.Transmission.TravelledDistance,sensor,"Odometer reading, total distance travelled during the lifetime of the transmission.",,,float,km,,,,,
Vehicle.Powertrain.Transmission.CurrentGear,sensor,"The current gear. 0=Neutral, 1/2/..=Forward, -1/-2/..=Reverse.",,,int8,,,,,,
Vehicle.Powertrain.Transmission.SelectedGear,actuator,"The selected gear. 0=Neutral, 1/2/..=Forward, -1/-2/..=Reverse, 126=Park, 127=Drive.",,,int8,,,,,,
Vehicle.Powertrain.Transmission.IsParkLockEngaged,actuator,Is the transmission park lock engaged or not. False = Disengaged. True = Engaged.,,,boolean,,,,,,
Vehicle.Powertrain.Transmission.IsLowRangeEngaged,actuator,Is gearbox in low range mode or not. False = Normal/High range engaged. True = Low range engaged.,The possibility to switch between low and high gear range is typically only available in heavy vehicles and off-road vehicles.,,boolean,,,,,,
Vehicle.Powertrain.Transmission.IsElectricalPowertrainEngaged,actuator,Is electrical powertrain mechanically connected/engaged to the drivetrain or not. False = Disconnected/Disengaged. True = Connected/Engaged.,In some hybrid solutions it is possible to disconnect/disengage the electrical powertrain mechanically to avoid induced voltage reaching a too high level when driving at high speed.,,boolean,,,,,,
Vehicle.Powertrain.Transmission.PerformanceMode,actuator,Current gearbox performance mode.,,,string,,,,"['NORMAL', 'SPORT', 'ECONOMY', 'SNOW', 'RAIN']",,
Vehicle.Powertrain.Transmission.GearChangeMode,actuator,Is the gearbox in automatic or manual (paddle) mode.,,,string,,,,"['MANUAL', 'AUTOMATIC']",,
Vehicle.Powertrain.Transmission.Temperature,sensor,The current gearbox temperature.,,,float,celsius,,,,,
Vehicle.Powertrain.Transmission.ClutchEngagement,actuator,Clutch engagement. 0% = Clutch fully disengaged. 100% = Clutch fully engaged.,,,float,percent,0,100,,,
Vehicle.Powertrain.Transmission.ClutchWear,sensor,Clutch wear as a percent. 0 = no wear. 100 = worn.,,,uint8,percent,,100,,,
Vehicle.Powertrain.Transmission.DiffLockFrontEngagement,actuator,Front Diff Lock engagement. 0% = Diff lock fully disengaged. 100% = Diff lock fully engaged.,,,float,percent,0,100,,,
Vehicle.Powertrain.Transmission.DiffLockRearEngagement,actuator,Rear Diff Lock engagement. 0% = Diff lock fully disengaged. 100% = Diff lock fully engaged.,,,float,percent,0,100,,,
Vehicle.Powertrain.Transmission.TorqueDistribution,actuator,"Torque distribution between front and rear axle in percent. -100% = Full torque to front axle, 0% = 50:50 Front/Rear, 100% = Full torque to rear axle.",,,float,percent,-100,100,,,
Vehicle.Powertrain.ElectricMotor.EngineCode,attribute,"Engine code designation, as specified by vehicle manufacturer.",,,string,,,,,,
Vehicle.Powertrain.ElectricMotor.MaxPower,attribute,"Peak power, in kilowatts, that motor(s) can generate.",,,uint16,kW,,,,0,
Vehicle.Powertrain.ElectricMotor.MaxTorque,attribute,"Peak power, in newton meter, that the motor(s) can generate.",,,uint16,Nm,,,,0,
Vehicle.Powertrain.ElectricMotor.MaxRegenPower,attribute,"Peak regen/brake power, in kilowatts, that motor(s) can generate.",,,uint16,kW,,,,0,
Vehicle.Powertrain.ElectricMotor.MaxRegenTorque,attribute,"Peak regen/brake torque, in newton meter, that the motor(s) can generate.",,,uint16,Nm,,,,0,
Vehicle.Powertrain.ElectricMotor.Speed,sensor,Motor rotational speed measured as rotations per minute. Negative values indicate reverse driving mode.,,,int32,rpm,,,,,
Vehicle.Powertrain.ElectricMotor.TimeInUse,sensor,Accumulated time during engine lifetime when the vehicule state's is 'READY'.,Vehicles may define their READY state.,,float,h,,,,,
Vehicle.Powertrain.ElectricMotor.Temperature,sensor,Motor temperature.,,,float,celsius,,,,,
Vehicle.Powertrain.ElectricMotor.CoolantTemperature,sensor,Motor coolant temperature (if applicable).,,,float,celsius,,,,,
Vehicle.Powertrain.ElectricMotor.EngineCoolant.Capacity,attribute,Engine coolant capacity in liters.,,,float,l,,,,,
Vehicle.Powertrain.ElectricMotor.EngineCoolant.Temperature,sensor,Engine coolant temperature.,,,float,celsius,,,,,
Vehicle.Powertrain.ElectricMotor.EngineCoolant.Level,sensor,Engine coolant level.,,,string,,,,"['CRITICALLY_LOW', 'LOW', 'NORMAL']",,
Vehicle.Powertrain.ElectricMotor.EngineCoolant.LifeRemaining,sensor,Remaining engine coolant life in seconds. Negative values can be used to indicate that lifetime has been exceeded.,In addition to this a signal a vehicle can report remaining time to service (including e.g. coolant change) by Vehicle.Service.TimeToService.,,int32,s,,,,,
Vehicle.Powertrain.ElectricMotor.Power,sensor,Current motor power output. Negative values indicate regen mode.,,,int16,kW,,,,,
Vehicle.Powertrain.ElectricMotor.Torque,sensor,Current motor torque. Negative values indicate regen mode.,,,int16,Nm,,,,,
Vehicle.Powertrain.TractionBattery.Id,attribute,Battery Identification Number as assigned by OEM.,"This could be serial number, part number plus serial number, UUID, or any other identifier that the OEM want to use to uniquely identify the battery individual.",,string,,,,,,
Vehicle.Powertrain.TractionBattery.ProductionDate,attribute,"Production date of battery in ISO8601 format, e.g. YYYY-MM-DD.",,,string,iso8601,,,,,
Vehicle.Powertrain.TractionBattery.ErrorCodes,sensor,"Current error codes related to the battery, if any.","Error code format is not defined, it may be DTCs according to OBD II (SAE-J2012DA_201812) standard ([P|C|B|U]XXXXX ) or any other format.",,string[],,,,,,
Vehicle.Powertrain.TractionBattery.IsPowerConnected,sensor,Indicating if the power (positive terminator) of the traction battery is connected to the powertrain.,"It might be possible to disconnect the traction battery used by an electric powertrain. This is achieved by connectors, typically one for plus and one for minus.",,boolean,,,,,,
Vehicle.Powertrain.TractionBattery.IsGroundConnected,sensor,Indicating if the ground (negative terminator) of the traction battery is connected to the powertrain.,"It might be possible to disconnect the traction battery used by an electric powertrain. This is achieved by connectors, typically one for plus and one for minus.",,boolean,,,,,,
Vehicle.Powertrain.TractionBattery.Temperature.Average,sensor,Current average temperature of the battery cells.,,,float,celsius,,,,,
Vehicle.Powertrain.TractionBattery.Temperature.Min,sensor,"Current minimum temperature of the battery cells, i.e. temperature of the coldest cell.",,,float,celsius,,,,,
Vehicle.Powertrain.TractionBattery.Temperature.Max,sensor,"Current maximum temperature of the battery cells, i.e. temperature of the hottest cell.",,,float,celsius,,,,,
Vehicle.Powertrain.TractionBattery.Temperature.CellTemperature,sensor,Array of cell temperatures. Length or array shall correspond to number of cells in vehicle.,Cells are identified by relative position in array.,,float[],,,,,,
Vehicle.Powertrain.TractionBattery.CellVoltage.Min,sensor,Current voltage of the battery cell with lowest voltage.,,,float,V,,,,,
Vehicle.Powertrain.TractionBattery.CellVoltage.IdMin,sensor,Identifier of the battery cell with lowest voltage.,"Identifier is supposed to be relative index of the cell, starting with 0 the first cell.",,uint16,,,,,,
Vehicle.Powertrain.TractionBattery.CellVoltage.Max,sensor,Current voltage of the battery cell with highest voltage.,,,float,V,,,,,
Vehicle.Powertrain.TractionBattery.CellVoltage.IdMax,sensor,Identifier of the battery cell with highest voltage.,"Identifier is supposed to be relative index of the cell, starting with 0 the first cell.",,uint16,,,,,,
Vehicle.Powertrain.TractionBattery.CellVoltage.CellVoltages,sensor,Array of cell voltages. Length or array shall correspond to number of cells in vehicle.,Cells are identified by relative position in array.,,float[],,,,,,
Vehicle.Powertrain.TractionBattery.GrossCapacity,attribute,Gross capacity of the battery.,,,uint16,kWh,,,,,
Vehicle.Powertrain.TractionBattery.NetCapacity,sensor,Total net capacity of the battery considering aging.,,,uint16,kWh,,,,,
Vehicle.Powertrain.TractionBattery.StateOfHealth,sensor,Calculated battery state of health at standard conditions.,Exact formula is implementation dependent. Could be e.g. current capacity at 20 degrees Celsius divided with original capacity at the same temperature.,,float,percent,0,100,,,
Vehicle.Powertrain.TractionBattery.StateOfCharge.Current,sensor,"Physical state of charge of the high voltage battery, relative to net capacity. This is not necessarily the state of charge being displayed to the customer.",,,float,percent,0,100.0,,,
Vehicle.Powertrain.TractionBattery.StateOfCharge.Displayed,sensor,State of charge displayed to the customer.,,,float,percent,0,100.0,,,
Vehicle.Powertrain.TractionBattery.StateOfCharge.CurrentEnergy,sensor,Physical state of charge of high voltage battery expressed in kWh.,Current energy could be calculated as .StateOfCharge.Current * .NetCapacity.,,float,kWh,,,,,
Vehicle.Powertrain.TractionBattery.NominalVoltage,attribute,Nominal Voltage of the battery.,Nominal voltage typically refers to voltage of fully charged battery when delivering rated capacity.,,uint16,V,,,,,
Vehicle.Powertrain.TractionBattery.MaxVoltage,attribute,"Max allowed voltage of the battery, e.g. during charging.",,,uint16,V,,,,,
Vehicle.Powertrain.TractionBattery.CurrentVoltage,sensor,Current Voltage of the battery.,,,float,V,,,,,
Vehicle.Powertrain.TractionBattery.CurrentCurrent,sensor,"Current current flowing in/out of battery. Positive = Current flowing in to battery, e.g. during charging. Negative = Current flowing out of battery, e.g. during driving.",,,float,A,,,,,
Vehicle.Powertrain.TractionBattery.CurrentPower,sensor,"Current electrical energy flowing in/out of battery. Positive = Energy flowing in to battery, e.g. during charging. Negative = Energy flowing out of battery, e.g. during driving.",,,float,W,,,,,
Vehicle.Powertrain.TractionBattery.AccumulatedChargedEnergy,sensor,The accumulated energy delivered to the battery during charging over lifetime of the battery.,,,float,kWh,,,,,
Vehicle.Powertrain.TractionBattery.AccumulatedConsumedEnergy,sensor,The accumulated energy leaving HV battery for propulsion and auxiliary loads over lifetime of the battery.,,,float,kWh,,,,,
Vehicle.Powertrain.TractionBattery.AccumulatedChargedThroughput,sensor,The accumulated charge throughput delivered to the battery during charging over lifetime of the battery.,,,float,Ah,,,,,
Vehicle.Powertrain.TractionBattery.AccumulatedConsumedThroughput,sensor,The accumulated charge throughput leaving HV battery for propulsion and auxiliary loads over lifetime of the battery.,,,float,Ah,,,,,
Vehicle.Powertrain.TractionBattery.PowerLoss,sensor,Electrical energy lost by power dissipation to heat inside the battery.,,,float,W,,,,,
Vehicle.Powertrain.TractionBattery.Range,sensor,Remaining range in meters using only battery.,,,uint32,m,,,,,
Vehicle.Powertrain.TractionBattery.TimeRemaining,sensor,Time remaining in seconds before the battery is empty.,,,uint32,s,,,,,
Vehicle.Powertrain.TractionBattery.Charging.ChargingPort.SupportedInletTypes,attribute,"A list of the supported (i.e., available) charging inlets in a particular charging port. IEC types refer to IEC 62196,  GBT refers to  GB/T 20234.","A vehicle may have multiple charging ports. IEC_TYPE_1_AC refers to Type 1 as defined in IEC 62196-2. Also known as Yazaki or J1772 connector. IEC_TYPE_2_AC refers to Type 2 as defined in IEC 62196-2. Also known as Mennekes connector. IEC_TYPE_3_AC refers to Type 3 as defined in IEC 62196-2. Also known as Scame connector. IEC_TYPE_4_DC refers to AA configuration as defined in IEC 62196-3. Also known as Type 4 or CHAdeMO connector. IEC_TYPE_1_CCS_DC refers to EE Configuration as defined in IEC 62196-3. Also known as CCS1 or Combo1 connector. IEC_TYPE_2_CCS_DC refers to FF Configuration as defined in IEC 62196-3. Also known as CCS2 or Combo2 connector. TESLA_ROADSTER, TESLA_HPWC (High Power Wall Connector) and TESLA_SUPERCHARGER refer to non-standardized charging ports/methods used by Tesla. GBT_AC refers to connector specified in GB/T 20234.2. GBT_DC refers to connector specified in GB/T 20234.3. Also specified as BB Configuration in IEC 62196-3. OTHER shall be used for charging ports not included in the list above. For additional information see https://en.wikipedia.org/wiki/IEC_62196.",,string[],,,,"['IEC_TYPE_1_AC', 'IEC_TYPE_2_AC', 'IEC_TYPE_3_AC', 'IEC_TYPE_4_DC', 'IEC_TYPE_1_CCS_DC', 'IEC_TYPE_2_CCS_DC', 'TESLA_ROADSTER', 'TESLA_HPWC', 'TESLA_SUPERCHARGER', 'GBT_AC', 'GBT_DC', 'OTHER']",,
Vehicle.Powertrain.TractionBattery.Charging.ChargingPort.IsFlapOpen,actuator,Status of the charging port flap(s).,"True = at least one flap of this port is open, False = All flaps of this port are clossed.",,boolean,,,,,,
Vehicle.Powertrain.TractionBattery.Charging.ChargingPort.IsChargingCableConnected,sensor,Indicates whether a charging cable is physically connected to a particular charging port or not.,,,boolean,,,,,,
Vehicle.Powertrain.TractionBattery.Charging.ChargingPort.IsChargingCableLocked,actuator,Is charging cable locked to prevent removal.,Locking of charging cable can be used to prevent unintentional removing during charging.,,boolean,,,,,,
Vehicle.Powertrain.TractionBattery.Charging.ChargeLimit,actuator,Target charge limit (state of charge) for battery.,,,uint8,percent,0,100,,100,
Vehicle.Powertrain.TractionBattery.Charging.MaximumChargingCurrent.DC,sensor,Maximum DC charging current at inlet that can be accepted by the system.,,,float,A,,,,,
Vehicle.Powertrain.TractionBattery.Charging.MaximumChargingCurrent.Phase1,sensor,Maximum AC charging current (rms) at inlet for Phase 1 that can be accepted by the system.,,,float,A,,,,,
Vehicle.Powertrain.TractionBattery.Charging.MaximumChargingCurrent.Phase2,sensor,Maximum AC charging current (rms) at inlet for Phase 2 that can be accepted by the system.,,,float,A,,,,,
Vehicle.Powertrain.TractionBattery.Charging.MaximumChargingCurrent.Phase3,sensor,Maximum AC charging current (rms) at inlet for Phase 3 that can be accepted by the system.,,,float,A,,,,,
Vehicle.Powertrain.TractionBattery.Charging.ChargePortFlap,actuator,"Status of the charge port cover(s), can potentially be controlled manually. OPEN if at least one is open.",,,string,,,,"['OPEN', 'CLOSED']",,
Vehicle.Powertrain.TractionBattery.Charging.IsChargePortFlapOpen,actuator,"Status of the charge port flap(s), can potentially be controlled manually. True if at least one is open.",,,boolean,,,,,,
Vehicle.Powertrain.TractionBattery.Charging.IsChargingCableConnected,sensor,Indicates if a charging cable is physically connected to the vehicle or not.,,,boolean,,,,,,
Vehicle.Powertrain.TractionBattery.Charging.IsChargingCableLocked,actuator,Is charging cable locked to prevent removal.,Locking of charging cable can be used to prevent unintentional removing during charging.,,boolean,,,,,,
Vehicle.Powertrain.TractionBattery.Charging.ChargePlugType,attribute,"Type of charge plugs (charging inlet) available on the vehicle. A charge plug type may occur multiple times in the list if there are multiple instances of that charge plug type. IEC types refer to IEC 62196,  GBT refers to  GB/T 20234.","A vehicle may have multiple charging inlets. The signal Charging.ChargePlugPosition can be used to indicate position of the charge plug. IEC_TYPE_1_AC refers to Type 1 as defined in IEC 62196-2. Also known as Yazaki or J1772 connector. IEC_TYPE_2_AC refers to Type 2 as defined in IEC 62196-2. Also known as Mennekes connector. IEC_TYPE_3_AC refers to Type 3 as defined in IEC 62196-2. Also known as Scame connector. IEC_TYPE_4_DC refers to AA configuration as defined in IEC 62196-3. Also known as Type 4 or CHAdeMO connector. IEC_TYPE_1_CCS_DC refers to EE Configuration as defined in IEC 62196-3. Also known as CCS1 or Combo1 connector. IEC_TYPE_2_CCS_DC refers to FF Configuration as defined in IEC 62196-3. Also known as CCS2 or Combo2 connector. TESLA_ROADSTER, TESLA_HPWC (High Power Wall Connector) and TESLA_SUPERCHARGER refer to non-standardized charging inlets/methods used by Tesla. GBT_AC refers to connector specified in GB/T 20234.2. GBT_DC refers to connector specified in GB/T 20234.3. Also specified as BB Configuration in IEC 62196-3. OTHER shall be used if the vehicle has a charging connector, but not one of the connectors listed above. For additional information see https://en.wikipedia.org/wiki/IEC_62196.",,string[],,,,"['IEC_TYPE_1_AC', 'IEC_TYPE_2_AC', 'IEC_TYPE_3_AC', 'IEC_TYPE_4_DC', 'IEC_TYPE_1_CCS_DC', 'IEC_TYPE_2_CCS_DC', 'TESLA_ROADSTER', 'TESLA_HPWC', 'TESLA_SUPERCHARGER', 'GBT_AC', 'GBT_DC', 'OTHER']",,
Vehicle.Powertrain.TractionBattery.Charging.ChargePortType,attribute,"Type of charge ports (charging inlet) available on the vehicle. A charge port type may occur multiple times in the list if there are multiple instances of that charge port type. IEC types refer to IEC 62196,  GBT refers to  GB/T 20234.","A vehicle may have multiple charging ports. The signal Charging.ChargePortPosition can be used to indicate position of the charge port. IEC_TYPE_1_AC refers to Type 1 as defined in IEC 62196-2. Also known as Yazaki or J1772 connector. IEC_TYPE_2_AC refers to Type 2 as defined in IEC 62196-2. Also known as Mennekes connector. IEC_TYPE_3_AC refers to Type 3 as defined in IEC 62196-2. Also known as Scame connector. IEC_TYPE_4_DC refers to AA configuration as defined in IEC 62196-3. Also known as Type 4 or CHAdeMO connector. IEC_TYPE_1_CCS_DC refers to EE Configuration as defined in IEC 62196-3. Also known as CCS1 or Combo1 connector. IEC_TYPE_2_CCS_DC refers to FF Configuration as defined in IEC 62196-3. Also known as CCS2 or Combo2 connector. TESLA_ROADSTER, TESLA_HPWC (High Power Wall Connector) and TESLA_SUPERCHARGER refer to non-standardized charging ports/methods used by Tesla. GBT_AC refers to connector specified in GB/T 20234.2. GBT_DC refers to connector specified in GB/T 20234.3. Also specified as BB Configuration in IEC 62196-3. OTHER shall be used for charging ports not included in the list above. For additional information see https://en.wikipedia.org/wiki/IEC_62196.",,string[],,,,"['IEC_TYPE_1_AC', 'IEC_TYPE_2_AC', 'IEC_TYPE_3_AC', 'IEC_TYPE_4_DC', 'IEC_TYPE_1_CCS_DC', 'IEC_TYPE_2_CCS_DC', 'TESLA_ROADSTER', 'TESLA_HPWC', 'TESLA_SUPERCHARGER', 'GBT_AC', 'GBT_DC', 'OTHER']",,
Vehicle.Powertrain.TractionBattery.Charging.ChargePortPosition,attribute,"Location of the charge port(s). First part indicates side of vehicle, second part relative position on that side. If supported, the list in this attribute shall have the same length as Charging.ChargePortType, and use same the relative order.","Example - If this signal is [LEFT_FRONT, RIGHT_FRONT] and Charging.ChargePortType is [IEC_TYPE_2_AC, GBT_AC] that means that there is Mennekes port on the left side of the vehicle near the front, and a GB/T AC port on the right side, near the front.",,string[],,,,"['FRONT_LEFT', 'FRONT_MIDDLE', 'FRONT_RIGHT', 'REAR_LEFT', 'REAR_MIDDLE', 'REAR_RIGHT', 'LEFT_FRONT', 'LEFT_MIDDLE', 'LEFT_REAR', 'RIGHT_FRONT', 'RIGHT_MIDDLE', 'RIGHT_REAR']",,
Vehicle.Powertrain.TractionBattery.Charging.Mode,actuator,"Describes how the charging process is controlled. DEACTIVATED means that charging and discharging is deactivated, nothing will happen if charger is connected. AUTOMATIC means charging will be initiated as soon as charger is connected. TRIGGERED means charging will be initiated when triggered by user. TIMER means charging is timer-based. PROFILE means charging is controlled by profile downloaded to vehicle. EXTERNAL_ENTITY means charging/discharging is controlled by the external entity connected to the vehicle. This includes GRID-controlled charging (e.g. ISO 15118), but also other cases where vehicle is connected to an arbitrary load that is powered by the vehicle. MANUAL means manually initiated (plug-in event, companion app, etc). GRID means grid-controlled (e.g. ISO 15118).",EXTERNAL_ENTITY is the only mode where discharge may occur. The mechanism to provide a profile to the vehicle is currently not covered by VSS.,,string,,,,"['DEACTIVATED', 'AUTOMATIC', 'TRIGGERED', 'TIMER', 'PROFILE', 'EXTERNAL_ENTITY', 'MANUAL', 'GRID']",,
Vehicle.Powertrain.TractionBattery.Charging.IsCharging,sensor,True if charging is ongoing. Charging is considered to be ongoing if energy is flowing from charger to vehicle.,,,boolean,,,,,,
Vehicle.Powertrain.TractionBattery.Charging.IsDischarging,sensor,True if discharging (vehicle to grid) is ongoing. Discharging is considered to be ongoing if energy is flowing from vehicle to charger/grid.,,,boolean,,,,,,
Vehicle.Powertrain.TractionBattery.Charging.StartStopCharging,actuator,Start or stop the charging process.,,,string,,,,"['START', 'STOP']",,
Vehicle.Powertrain.TractionBattery.Charging.ChargeCurrent.DC,sensor,Current DC charging current at inlet. Negative if returning energy to grid.,,,float,A,,,,,
Vehicle.Powertrain.TractionBattery.Charging.ChargeCurrent.Phase1,sensor,Current AC charging current (rms) at inlet for Phase 1. Negative if returning energy to grid.,,,float,A,,,,,
Vehicle.Powertrain.TractionBattery.Charging.ChargeCurrent.Phase2,sensor,Current AC charging current (rms) at inlet for Phase 2. Negative if returning energy to grid.,,,float,A,,,,,
Vehicle.Powertrain.TractionBattery.Charging.ChargeCurrent.Phase3,sensor,Current AC charging current (rms) at inlet for Phase 3. Negative if returning energy to grid.,,,float,A,,,,,
Vehicle.Powertrain.TractionBattery.Charging.ChargeVoltage.DC,sensor,Current DC charging voltage at charging inlet.,,,float,V,,,,,
Vehicle.Powertrain.TractionBattery.Charging.ChargeVoltage.Phase1,sensor,Current AC charging voltage (rms) at inlet for Phase 1.,,,float,V,,,,,
Vehicle.Powertrain.TractionBattery.Charging.ChargeVoltage.Phase2,sensor,Current AC charging voltage (rms) at inlet for Phase 2.,,,float,V,,,,,
Vehicle.Powertrain.TractionBattery.Charging.ChargeVoltage.Phase3,sensor,Current AC charging voltage (rms) at inlet for Phase 3.,,,float,V,,,,,
Vehicle.Powertrain.TractionBattery.Charging.AveragePower,sensor,Average charging power of last or current charging event.,,,float,kW,,,,,
Vehicle.Powertrain.TractionBattery.Charging.MaxPower,sensor,Maximum charging power of last or current charging event.,,,float,kW,,,,,
Vehicle.Powertrain.TractionBattery.Charging.EvseId,sensor,EVSE charging point ID (without separators) of last or current charging event according to ISO 15118-2 Annex H.,Length of id between 7 and 37 characters. ZZ00000 to be used if SECC cannot provide id,,string,,,,,,
Vehicle.Powertrain.TractionBattery.Charging.Location.Latitude,sensor,Latitude of last or current charging event in WGS 84 geodetic coordinates.,,,double,degrees,-90,90,,,
Vehicle.Powertrain.TractionBattery.Charging.Location.Longitude,sensor,Longitude of last or current charging event in WGS 84 geodetic coordinates.,,,double,degrees,-180,180,,,
Vehicle.Powertrain.TractionBattery.Charging.Location.Altitude,sensor,Altitude relative to WGS 84 reference ellipsoid of last or current charging event.,,,double,m,,,,,
Vehicle.Powertrain.TractionBattery.Charging.PowerLoss,sensor,Electrical energy lost by power dissipation to heat inside the AC/DC converter.,,,float,W,,,,,
Vehicle.Powertrain.TractionBattery.Charging.Temperature,sensor,Current temperature of AC/DC converter converting grid voltage to battery voltage.,,,float,celsius,,,,,
Vehicle.Powertrain.TractionBattery.Charging.ChargeRate,sensor,"Current charging rate, as in kilometers of range added per hour.",,,float,km/h,,,,,
Vehicle.Powertrain.TractionBattery.Charging.TimeToComplete,sensor,The time needed for the current charging process to reach Charging.ChargeLimit. 0 if charging is complete or no charging process is active or planned.,"Shall consider time set by Charging.Timer.Time. E.g. if charging shall start in 3 hours and 2 hours of charging is needed, then Charging.TimeToComplete shall report 5 hours.",,uint32,s,,,,,
Vehicle.Powertrain.TractionBattery.Charging.Timer.Mode,actuator,"Defines timer mode for charging: INACTIVE - no timer set, charging may start as soon as battery is connected to a charger. START_TIME - charging shall start at Charging.Timer.Time. END_TIME - charging shall be finished (reach Charging.ChargeLimit) at Charging.Timer.Time. When charging is completed the vehicle shall change mode to 'inactive' or set a new Charging.Timer.Time. Charging shall start immediately if mode is 'starttime' or 'endtime' and Charging.Timer.Time is a time in the past.",,,string,,,,"['INACTIVE', 'START_TIME', 'END_TIME']",,
Vehicle.Powertrain.TractionBattery.Charging.Timer.Time,actuator,"Time for next charging-related action, formatted according to ISO 8601 with UTC time zone. Value has no significance if Charging.Timer.Mode is 'inactive'.",,,string,iso8601,,,,,
Vehicle.Powertrain.TractionBattery.DCDC.PowerLoss,sensor,Electrical energy lost by power dissipation to heat inside DC/DC converter.,,,float,W,,,,,
Vehicle.Powertrain.TractionBattery.DCDC.Temperature,sensor,Current temperature of DC/DC converter converting battery high voltage to vehicle low voltage (typically 12 Volts).,,,float,celsius,,,,,
Vehicle.Powertrain.TractionBattery.BatteryConditioning.IsActive,sensor,Indicates if battery conditioning is active (i.e. actively monitors battery temperature). True = Active. False = Inactive.,This signal is typically true when mode is not INACTIVE and time is within defined start/end times.,,boolean,,,,,,
Vehicle.Powertrain.TractionBattery.BatteryConditioning.IsOngoing,sensor,"Indicating if battery conditioning is currently ongoing. Battery conditioning is considered ongoing when the battery conditioning system is actively heating or cooling the battery, or requesting heating or cooling.","When battery conditioning is active, but temperature is already within acceptable range so that no cooling or heating is needed then IsOngoing shall report False.",,boolean,,,,,,
Vehicle.Powertrain.TractionBattery.BatteryConditioning.RequestedMode,actuator,Defines requested mode for battery conditioning. INACTIVE - Battery conditioning inactive. FAST_CHARGING_PREPARATION - Battery conditioning for fast charging. DRIVING_PREPARATION - Battery conditioning for driving.,The Mode and TargetTime can be used to calculate TargetTemperature and StartTime,,string,,,,"['INACTIVE', 'FAST_CHARGING_PREPARATION', 'DRIVING_PREPARATION']",,
Vehicle.Powertrain.TractionBattery.BatteryConditioning.StartTime,actuator,"Start time for battery conditioning, formatted according to ISO 8601 with UTC time zone.","If the vehicle is asleep, this is the time the vehicle and the battery conditioning system must wake up and start monitoring the battery and if necessary start heating/cooling of the battery.",,string,iso8601,,,,,
Vehicle.Powertrain.TractionBattery.BatteryConditioning.TargetTime,actuator,"Target time when conditioning shall be finished, formatted according to ISO 8601 with UTC time zone.",For FAST_CHARGING mode this is typically the time when charging is supposed to start. For DRIVING mode this is typically the expected departure time. Battery conditioning will be deactivated when this time has passed.,,string,iso8601,,,,,
Vehicle.Powertrain.TractionBattery.BatteryConditioning.TargetTemperature,actuator,Target temperature for battery conditioning.,Target temperature possibly differs between different modes as well as other factors. Allowed deviation from target temperature is implementation dependent.,,float,celsius,,,,,
Vehicle.Powertrain.FuelSystem.SupportedFuelTypes,attribute,High level information of fuel types supported,If a vehicle also has an electric drivetrain (e.g. hybrid) that will be obvious from the PowerTrain.Type signal.,,string[],,,,"['GASOLINE', 'DIESEL', 'E85', 'LPG', 'CNG', 'LNG', 'H2', 'OTHER']",,
Vehicle.Powertrain.FuelSystem.SupportedFuel,attribute,"Detailed information on fuels supported by the vehicle. Identifiers originating from DIN EN 16942:2021-08, appendix B, with additional suffix for octane (RON) where relevant.","RON 95 is sometimes referred to as Super, RON 98 as Super Plus.",,string[],,,,"['E5_95', 'E5_98', 'E10_95', 'E10_98', 'E85', 'B7', 'B10', 'B20', 'B30', 'B100', 'XTL', 'LPG', 'CNG', 'LNG', 'H2', 'OTHER']",,
Vehicle.Powertrain.FuelSystem.HybridType,attribute,Defines the hybrid type of the vehicle.,,,string,,,,"['UNKNOWN', 'NOT_APPLICABLE', 'STOP_START', 'BELT_ISG', 'CIMG', 'PHEV']",UNKNOWN,
Vehicle.Powertrain.FuelSystem.TankCapacity,attribute,Capacity of the fuel tank in liters.,,,float,l,,,,,
Vehicle.Powertrain.FuelSystem.AbsoluteLevel,sensor,Current available fuel in the fuel tank expressed in liters.,,,float,l,,,,,
Vehicle.Powertrain.FuelSystem.RelativeLevel,sensor,Level in fuel tank as percent of capacity. 0 = empty. 100 = full.,,,uint8,percent,0,100,,,
Vehicle.Powertrain.FuelSystem.Range,sensor,Remaining range in meters using only liquid fuel.,,,uint32,m,,,,,
Vehicle.Powertrain.FuelSystem.TimeRemaining,sensor,Time remaining in seconds before the fuel tank is empty.,,,uint32,s,,,,,
Vehicle.Powertrain.FuelSystem.InstantConsumption,sensor,Current consumption in liters per 100 km.,,,float,l/100km,0,,,,
Vehicle.Powertrain.FuelSystem.AverageConsumption,sensor,Average consumption in liters per 100 km.,,,float,l/100km,0,,,,
Vehicle.Powertrain.FuelSystem.ConsumptionSinceStart,sensor,Fuel amount in liters consumed since start of current trip.,A new trip is considered to start when engine gets enabled (e.g. LowVoltageSystemState in ON or START mode). A trip is considered to end when engine is no longer enabled. The signal may however keep the value of the last trip until a new trip is started.,,float,l,,,,,
Vehicle.Powertrain.FuelSystem.IsEngineStopStartEnabled,sensor,Indicates whether eco start stop is currently enabled.,,,boolean,,,,,,
Vehicle.Powertrain.FuelSystem.IsFuelLevelLow,sensor,Indicates that the fuel level is low (e.g. <50km range).,,,boolean,,,,,,
Vehicle.Powertrain.FuelSystem.RefuelPortPosition,attribute,"Position of refuel port(s). First part indicates side of vehicle, second part relative position on that side.",,,string[],,,,"['FRONT_LEFT', 'FRONT_MIDDLE', 'FRONT_RIGHT', 'REAR_LEFT', 'REAR_MIDDLE', 'REAR_RIGHT', 'LEFT_FRONT', 'LEFT_MIDDLE', 'LEFT_REAR', 'RIGHT_FRONT', 'RIGHT_MIDDLE', 'RIGHT_REAR']",,
Vehicle.Powertrain.FuelSystem.IsFuelPortFlapOpen,actuator,Status of the fuel port flap(s). True if at least one is open.,,,boolean,,,,,,
Vehicle.Powertrain.AccumulatedBrakingEnergy,sensor,The accumulated energy from regenerative braking over lifetime.,,,float,kWh,,,,,
Vehicle.Powertrain.Range,sensor,Remaining range in meters using all energy sources available in the vehicle.,,,uint32,m,,,,,
Vehicle.Powertrain.TimeRemaining,sensor,Time remaining in seconds before all energy sources available in the vehicle are empty.,,,uint32,s,,,,,
Vehicle.Powertrain.Type,attribute,Defines the powertrain type of the vehicle.,For vehicles with a combustion engine (including hybrids) more detailed information on fuels supported can be found in FuelSystem.SupportedFuelTypes and FuelSystem.SupportedFuels.,,string,,,,"['COMBUSTION', 'HYBRID', 'ELECTRIC']",,
Vehicle.Powertrain.PowerOptimizeLevel,actuator,"Power optimization level for this branch/subsystem. A higher number indicates more aggressive power optimization. Level 0 indicates that all functionality is enabled, no power optimization enabled. Level 10 indicates most aggressive power optimization mode, only essential functionality enabled.",,,uint8,,0,10,,,
Vehicle.Powertrain.IsAutoPowerOptimize,actuator,"Auto Power Optimization Flag When set to 'true', the system enables automatic power optimization, dynamically adjusting the power optimization level based on runtime conditions or features managed by the OEM. When set to 'false', manual control of the power optimization level is allowed.",,,boolean,,,,,,
Vehicle.Body.BodyType,attribute,Body type code as defined by ISO 3779.,,,string,,,,,,
Vehicle.Body.RefuelPosition,attribute,Location of the fuel cap or charge port.,,,string,,,,"['FRONT_LEFT', 'FRONT_RIGHT', 'MIDDLE_LEFT', 'MIDDLE_RIGHT', 'REAR_LEFT', 'REAR_RIGHT']",,
Vehicle.Body.Hood.IsOpen,actuator,Is item open or closed? True = Fully or partially open. False = Fully closed.,,,boolean,,,,,,
Vehicle.Body.Hood.Position,actuator,Item position. 0 = Start position 100 = End position.,Relationship between Open/Close and Start/End position is item dependent.,,uint8,percent,0,100,,,
Vehicle.Body.Hood.Switch,actuator,"Switch controlling sliding action such as window, sunroof, or blind.",,,string,,,,"['INACTIVE', 'CLOSE', 'OPEN', 'ONE_SHOT_CLOSE', 'ONE_SHOT_OPEN']",,
Vehicle.Body.Trunk.IsLightOn,actuator,Is trunk light on,V4.0 Moved from Vehicle.Cabin.Lights.IsTrunkOn because Trunk is not defined as part of the Cabin.,,boolean,,,,,,
Vehicle.Body.Trunk.IsLocked,actuator,Is item locked or unlocked. True = Locked. False = Unlocked.,,,boolean,,,,,,
Vehicle.Body.Trunk.IsOpen,actuator,Is item open or closed? True = Fully or partially open. False = Fully closed.,,,boolean,,,,,,
Vehicle.Body.Trunk.Position,actuator,Item position. 0 = Start position 100 = End position.,Relationship between Open/Close and Start/End position is item dependent.,,uint8,percent,0,100,,,
Vehicle.Body.Trunk.Switch,actuator,"Switch controlling sliding action such as window, sunroof, or blind.",,,string,,,,"['INACTIVE', 'CLOSE', 'OPEN', 'ONE_SHOT_CLOSE', 'ONE_SHOT_OPEN']",,
Vehicle.Body.Horn.IsActive,actuator,Horn active or inactive. True = Active. False = Inactive.,,,boolean,,,,,,
Vehicle.Body.Raindetection.Intensity,sensor,"Rain intensity. 0 = Dry, No Rain. 100 = Covered.",,,uint8,percent,,100,,,
Vehicle.Body.Windshield.Wiping.Mode,actuator,"Wiper mode requested by user/driver. INTERVAL indicates intermittent wiping, with fixed time interval between each wipe. RAIN_SENSOR indicates intermittent wiping based on rain intensity.",,,string,,,,"['OFF', 'SLOW', 'MEDIUM', 'FAST', 'INTERVAL', 'RAIN_SENSOR']",,
Vehicle.Body.Windshield.Wiping.Intensity,actuator,"Relative intensity/sensitivity for interval and rain sensor mode as requested by user/driver. Has no significance if Windshield.Wiping.Mode is OFF/SLOW/MEDIUM/FAST 0 - wipers inactive. 1 - minimum intensity (lowest frequency/sensitivity, longest interval). 2/3/4/... - higher intensity (higher frequency/sensitivity, shorter interval). Maximum value supported is vehicle specific.",,,uint8,,,,,,
Vehicle.Body.Windshield.Wiping.System.Mode,actuator,Requested mode of wiper system. STOP_HOLD means that the wipers shall move to position given by TargetPosition and then hold the position. WIPE means that wipers shall move to the position given by TargetPosition and then hold the position if no new TargetPosition is requested. PLANT_MODE means that wiping is disabled. Exact behavior is vehicle specific. EMERGENCY_STOP means that wiping shall be immediately stopped without holding the position.,,,string,,,,"['STOP_HOLD', 'WIPE', 'PLANT_MODE', 'EMERGENCY_STOP']",,
Vehicle.Body.Windshield.Wiping.System.Frequency,actuator,"Wiping frequency/speed, measured in cycles per minute. The signal concerns the actual speed of the wiper blades when moving. Intervals/pauses are excluded, i.e. the value corresponds to the number of cycles that would be completed in 1 minute if wiping permanently over default range.","Examples - 0 = Wipers stopped, 80 = Wipers doing 80 cycles per minute (in WIPE mode).",,uint8,cpm,,,,,
Vehicle.Body.Windshield.Wiping.System.TargetPosition,actuator,Requested position of main wiper blade for the wiper system relative to reference position. Location of reference position (0 degrees) and direction of positive/negative degrees is vehicle specific. System behavior when receiving TargetPosition depends on Mode and IsEndingWipeCycle. Supported values are vehicle specific and might be dynamically corrected. If IsEndingWipeCycle=True then wipers will complete current movement before actuating new TargetPosition. If IsEndingWipeCycle=False then wipers will directly change destination if the TargetPosition is changed.,Default parking position might be used as reference position.,,float,degrees,,,,,
Vehicle.Body.Windshield.Wiping.System.ActualPosition,actuator,Actual position of main wiper blade for the wiper system relative to reference position. Location of reference position (0 degrees) and direction of positive/negative degrees is vehicle specific.,Default parking position might be used as reference position.,,float,degrees,,,,,
Vehicle.Body.Windshield.Wiping.System.DriveCurrent,sensor,Actual current used by wiper drive.,May be negative in special situations.,,float,A,,,,,
Vehicle.Body.Windshield.Wiping.System.IsWiping,sensor,Indicates wiper movement. True if wiper blades are moving. Change of direction shall be considered as IsWiping if wipers will continue to move directly after the change of direction.,,,boolean,,,,,,
Vehicle.Body.Windshield.Wiping.System.IsEndingWipeCycle,sensor,"Indicates if current wipe movement is completed or near completion. True = Movement is completed or near completion. Changes to RequestedPosition will be executed first after reaching previous RequestedPosition, if it has not already been reached. False = Movement is not near completion. Any change to RequestedPosition will be executed immediately. Change of direction may not be allowed.",In continuous wiping between A and B this sensor can be used a trigger to update TargetPosition.,,boolean,,,,,,
Vehicle.Body.Windshield.Wiping.System.IsWiperError,sensor,Indicates system failure. True if wiping is disabled due to system failure.,,,boolean,,,,,,
Vehicle.Body.Windshield.Wiping.System.IsPositionReached,sensor,"Indicates if a requested position has been reached. IsPositionReached refers to the previous position in case the TargetPosition is updated while IsEndingWipeCycle=True. True = Current or Previous TargetPosition reached. False = Position not (yet) reached, or wipers have moved away from the reached position.",,,boolean,,,,,,
Vehicle.Body.Windshield.Wiping.System.IsBlocked,sensor,Indicates if wiper movement is blocked. True = Movement blocked. False = Movement not blocked.,,,boolean,,,,,,
Vehicle.Body.Windshield.Wiping.System.IsOverheated,sensor,Indicates if wiper system is overheated. True = Wiper system overheated. False = Wiper system not overheated.,,,boolean,,,,,,
Vehicle.Body.Windshield.Wiping.WiperWear,sensor,Wiper wear as percent. 0 = No Wear. 100 = Worn. Replacement required. Method for calculating or estimating wiper wear is vehicle specific. For windshields with multiple wipers the wear reported shall correspond to the most worn wiper.,,,uint8,percent,,100,,,
Vehicle.Body.Windshield.Wiping.IsWipersWorn,sensor,"Wiper wear status. True = Worn, Replacement recommended or required. False = Not Worn.",,,boolean,,,,,,
Vehicle.Body.Windshield.IsHeatingOn,actuator,"Windshield heater status. False - off, True - on.",,,boolean,,,,,,
Vehicle.Body.Windshield.WasherFluid.IsLevelLow,sensor,Low level indication for washer fluid. True = Level Low. False = Level OK.,,,boolean,,,,,,
Vehicle.Body.Windshield.WasherFluid.Level,sensor,Washer fluid level as a percent. 0 = Empty. 100 = Full.,,,uint8,percent,,100,,,
Vehicle.Body.Lights.LightSwitch,actuator,Status of the vehicle main light switch.,A vehicle typically does not support all alternatives. Which lights that actually are lit may vary according to vehicle configuration and local legislation. OFF is typically indicated by 0. POSITION is typically indicated by ISO 7000 symbol 0456. DAYTIME_RUNNING_LIGHTS (DRL) can be indicated by ISO 7000 symbol 2611. AUTO indicates that vehicle automatically selects suitable lights. BEAM is typically indicated by ISO 7000 symbol 0083.,,string,,,,"['OFF', 'POSITION', 'DAYTIME_RUNNING_LIGHTS', 'AUTO', 'BEAM']",,
Vehicle.Body.Lights.IsHighBeamSwitchOn,actuator,Status of the high beam switch. True = high beam enabled. False = high beam not enabled.,This signal indicates the status of the switch and does not indicate if low or high beam actually are on. That typically depends on vehicle logic and other signals like Lights.LightSwitch and Vehicle.LowVoltageSystemState.,,boolean,,,,,,
Vehicle.Body.Lights.Beam.IsOn,actuator,Indicates if light is on or off. True = On. False = Off.,,,boolean,,,,,,
Vehicle.Body.Lights.Beam.IsDefect,sensor,Indicates if light is defect. True = Light is defect. False = Light has no defect.,,,boolean,,,,,,
Vehicle.Body.Lights.Running.IsOn,actuator,Indicates if light is on or off. True = On. False = Off.,,,boolean,,,,,,
Vehicle.Body.Lights.Running.IsDefect,sensor,Indicates if light is defect. True = Light is defect. False = Light has no defect.,,,boolean,,,,,,
Vehicle.Body.Lights.Backup.IsOn,actuator,Indicates if light is on or off. True = On. False = Off.,,,boolean,,,,,,
Vehicle.Body.Lights.Backup.IsDefect,sensor,Indicates if light is defect. True = Light is defect. False = Light has no defect.,,,boolean,,,,,,
Vehicle.Body.Lights.Parking.IsOn,actuator,Indicates if light is on or off. True = On. False = Off.,,,boolean,,,,,,
Vehicle.Body.Lights.Parking.IsDefect,sensor,Indicates if light is defect. True = Light is defect. False = Light has no defect.,,,boolean,,,,,,
Vehicle.Body.Lights.Fog.IsOn,actuator,Indicates if light is on or off. True = On. False = Off.,,,boolean,,,,,,
Vehicle.Body.Lights.Fog.IsDefect,sensor,Indicates if light is defect. True = Light is defect. False = Light has no defect.,,,boolean,,,,,,
Vehicle.Body.Lights.LicensePlate.IsOn,actuator,Indicates if light is on or off. True = On. False = Off.,,,boolean,,,,,,
Vehicle.Body.Lights.LicensePlate.IsDefect,sensor,Indicates if light is defect. True = Light is defect. False = Light has no defect.,,,boolean,,,,,,
Vehicle.Body.Lights.Brake.IsActive,actuator,Indicates if break-light is active. INACTIVE means lights are off. ACTIVE means lights are on. ADAPTIVE means that break-light is indicating emergency-breaking.,,,string,,,,"['INACTIVE', 'ACTIVE', 'ADAPTIVE']",,
Vehicle.Body.Lights.Brake.IsDefect,sensor,Indicates if light is defect. True = Light is defect. False = Light has no defect.,,,boolean,,,,,,
Vehicle.Body.Lights.Hazard.IsSignaling,actuator,Indicates if light is signaling or off. True = signaling. False = Off.,,,boolean,,,,,,
Vehicle.Body.Lights.Hazard.IsDefect,sensor,Indicates if light is defect. True = Light is defect. False = Light has no defect.,,,boolean,,,,,,
Vehicle.Body.Lights.DirectionIndicator.IsSignaling,actuator,Indicates if light is signaling or off. True = signaling. False = Off.,,,boolean,,,,,,
Vehicle.Body.Lights.DirectionIndicator.IsDefect,sensor,Indicates if light is defect. True = Light is defect. False = Light has no defect.,,,boolean,,,,,,
Vehicle.Body.Mirrors.Tilt,actuator,Mirror tilt as a percent. 0 = Center Position. 100 = Fully Upward Position. -100 = Fully Downward Position.,,,int8,percent,-100,100,,,
Vehicle.Body.Mirrors.Pan,actuator,Mirror pan as a percent. 0 = Center Position. 100 = Fully Left Position. -100 = Fully Right Position.,,,int8,percent,-100,100,,,
Vehicle.Body.Mirrors.IsHeatingOn,actuator,Mirror Heater on or off. True = Heater On. False = Heater Off.,,,boolean,,,,,,
Vehicle.Body.Mirrors.IsLocked,actuator,"Is mirror movement locked? True = Locked, mirror will not react to Tilt/Pan change. False = Unlocked.",,,boolean,,,,,,
Vehicle.Body.Mirrors.IsFolded,actuator,Is mirror folded? True = Fully or partially folded. False = Fully unfolded.,,,boolean,,,,,,
Vehicle.Body.RearMainSpoilerPosition,actuator,"Rear spoiler position, 0% = Spoiler fully stowed. 100% = Spoiler fully exposed.",,,float,percent,0,100,,,
Vehicle.Body.PowerOptimizeLevel,actuator,"Power optimization level for this branch/subsystem. A higher number indicates more aggressive power optimization. Level 0 indicates that all functionality is enabled, no power optimization enabled. Level 10 indicates most aggressive power optimization mode, only essential functionality enabled.",,,uint8,,0,10,,,
Vehicle.Body.IsAutoPowerOptimize,actuator,"Auto Power Optimization Flag When set to 'true', the system enables automatic power optimization, dynamically adjusting the power optimization level based on runtime conditions or features managed by the OEM. When set to 'false', manual control of the power optimization level is allowed.",,,boolean,,,,,,
Vehicle.Cabin.RearShade.IsOpen,actuator,Is item open or closed? True = Fully or partially open. False = Fully closed.,,,boolean,,,,,,
Vehicle.Cabin.RearShade.Position,actuator,Item position. 0 = Start position 100 = End position.,Relationship between Open/Close and Start/End position is item dependent.,,uint8,percent,0,100,,,
Vehicle.Cabin.RearShade.Switch,actuator,"Switch controlling sliding action such as window, sunroof, or blind.",,,string,,,,"['INACTIVE', 'CLOSE', 'OPEN', 'ONE_SHOT_CLOSE', 'ONE_SHOT_OPEN']",,
Vehicle.Cabin.HVAC.Station.FanSpeed,actuator,"Fan Speed, 0 = off. 100 = max",,,uint8,percent,0,100,,,
Vehicle.Cabin.HVAC.Station.Temperature,actuator,Temperature,,,float,celsius,,,,,
Vehicle.Cabin.HVAC.Station.AirDistribution,actuator,Direction of airstream,,,string,,,,"['UP', 'MIDDLE', 'DOWN']",,
Vehicle.Cabin.HVAC.IsRecirculationActive,actuator,Is recirculation active.,,,boolean,,,,,,
Vehicle.Cabin.HVAC.IsFrontDefrosterActive,actuator,Is front defroster active.,,,boolean,,,,,,
Vehicle.Cabin.HVAC.IsRearDefrosterActive,actuator,Is rear defroster active.,,,boolean,,,,,,
Vehicle.Cabin.HVAC.IsAirConditioningActive,actuator,Is Air conditioning active.,,,boolean,,,,,,
Vehicle.Cabin.HVAC.AmbientAirTemperature,sensor,Ambient air temperature inside the vehicle.,,,float,celsius,,,,,
Vehicle.Cabin.HVAC.PowerOptimizeLevel,actuator,"Power optimization level for this branch/subsystem. A higher number indicates more aggressive power optimization. Level 0 indicates that all functionality is enabled, no power optimization enabled. Level 10 indicates most aggressive power optimization mode, only essential functionality enabled.",,,uint8,,0,10,,,
Vehicle.Cabin.HVAC.IsAutoPowerOptimize,actuator,"Auto Power Optimization Flag When set to 'true', the system enables automatic power optimization, dynamically adjusting the power optimization level based on runtime conditions or features managed by the OEM. When set to 'false', manual control of the power optimization level is allowed.",,,boolean,,,,,,
Vehicle.Cabin.Infotainment.Media.Action,actuator,Tells if the media was,,,string,,,,"['UNKNOWN', 'STOP', 'PLAY', 'FAST_FORWARD', 'FAST_BACKWARD', 'SKIP_FORWARD', 'SKIP_BACKWARD']",,
Vehicle.Cabin.Infotainment.Media.Played.Source,actuator,Media selected for playback,,,string,,,,"['UNKNOWN', 'SIRIUS_XM', 'AM', 'FM', 'DAB', 'TV', 'CD', 'DVD', 'AUX', 'USB', 'DISK', 'BLUETOOTH', 'INTERNET', 'VOICE', 'BEEP']",,
Vehicle.Cabin.Infotainment.Media.Played.Artist,sensor,Name of artist being played,,,string,,,,,,
Vehicle.Cabin.Infotainment.Media.Played.Album,sensor,Name of album being played,,,string,,,,,,
Vehicle.Cabin.Infotainment.Media.Played.Track,sensor,Name of track being played,,,string,,,,,,
Vehicle.Cabin.Infotainment.Media.Played.URI,sensor,User Resource associated with the media,,,string,,,,,,
Vehicle.Cabin.Infotainment.Media.Played.PlaybackRate,actuator,Current playback rate of media being played.,"The normal playback rate is multiplied by this value to obtain the current rate, so a value of 1.0 indicates normal speed. Values of lower than 1.0 make the media play slower than normal. Values of higher than 1.0 make the media play faster than normal.",,float,,,,,,
Vehicle.Cabin.Infotainment.Media.DeclinedURI,sensor,URI of suggested media that was declined,,,string,,,,,,
Vehicle.Cabin.Infotainment.Media.SelectedURI,actuator,URI of suggested media that was selected,,,string,,,,,,
Vehicle.Cabin.Infotainment.Media.Volume,actuator,Current Media Volume,,,uint8,percent,0,100,,,
Vehicle.Cabin.Infotainment.Navigation.DestinationSet.Latitude,actuator,Latitude of destination in WGS 84 geodetic coordinates.,,,double,degrees,-90,90,,,
Vehicle.Cabin.Infotainment.Navigation.DestinationSet.Longitude,actuator,Longitude of destination in WGS 84 geodetic coordinates.,,,double,degrees,-180,180,,,
Vehicle.Cabin.Infotainment.Navigation.Mute,actuator,Navigation mute state that was selected.,,,string,,,,"['MUTED', 'ALERT_ONLY', 'UNMUTED']",,
Vehicle.Cabin.Infotainment.Navigation.Volume,actuator,Current navigation volume,,,uint8,percent,0,100,,,
Vehicle.Cabin.Infotainment.Navigation.GuidanceVoice,actuator,Navigation guidance state that was selected.,ETC indicates a voice alternative not covered by the explicitly listed alternatives.,,string,,,,"['STANDARD_MALE', 'STANDARD_FEMALE', 'ETC']",,
Vehicle.Cabin.Infotainment.Navigation.Map.IsAutoScaleModeUsed,actuator,Used to select auto-scaling mode. This feature dynamically adjusts the zoom level of the map to provide an optimal view based on the current speed of the vehicle,"If true, then auto-scaling mode is used. If false, then manual-scaling mode is used.",,boolean,,,,,,
Vehicle.Cabin.Infotainment.HMI.CurrentLanguage,sensor,ISO 639-1 standard language code for the current HMI,,,string,,,,,,
Vehicle.Cabin.Infotainment.HMI.FontSize,actuator,Font size used in the current HMI,,,string,,,,"['STANDARD', 'LARGE', 'EXTRA_LARGE']",,
Vehicle.Cabin.Infotainment.HMI.DateFormat,actuator,Date format used in the current HMI,,,string,,,,"['YYYY_MM_DD', 'DD_MM_YYYY', 'MM_DD_YYYY', 'YY_MM_DD', 'DD_MM_YY', 'MM_DD_YY']",,
Vehicle.Cabin.Infotainment.HMI.TimeFormat,actuator,Time format used in the current HMI,,,string,,,,"['HR_12', 'HR_24']",,
Vehicle.Cabin.Infotainment.HMI.DistanceUnit,actuator,Distance unit used in the current HMI,,,string,,,,"['MILES', 'KILOMETERS']",,
Vehicle.Cabin.Infotainment.HMI.FuelVolumeUnit,actuator,Fuel volume unit used in the current HMI,,,string,,,,"['LITER', 'GALLON_US', 'GALLON_UK']",,
Vehicle.Cabin.Infotainment.HMI.FuelEconomyUnits,actuator,Fuel economy unit used in the current HMI,,,string,,,,"['MPG_UK', 'MPG_US', 'MILES_PER_LITER', 'KILOMETERS_PER_LITER', 'LITERS_PER_100_KILOMETERS']",,
Vehicle.Cabin.Infotainment.HMI.EVEconomyUnits,actuator,EV fuel economy unit used in the current HMI,,,string,,,,"['MILES_PER_KILOWATT_HOUR', 'KILOMETERS_PER_KILOWATT_HOUR', 'KILOWATT_HOURS_PER_100_MILES', 'KILOWATT_HOURS_PER_100_KILOMETERS', 'WATT_HOURS_PER_MILE', 'WATT_HOURS_PER_KILOMETER']",,
Vehicle.Cabin.Infotainment.HMI.TemperatureUnit,actuator,Temperature unit used in the current HMI,,,string,,,,"['C', 'F']",,
Vehicle.Cabin.Infotainment.HMI.TirePressureUnit,actuator,Tire pressure unit used in the current HMI,,,string,,,,"['PSI', 'KPA', 'BAR']",,
Vehicle.Cabin.Infotainment.HMI.SpeedUnit,actuator,Speed unit used in the current HMI,,,string,,,,"['METERS_PER_SECOND', 'MILES_PER_HOUR', 'KILOMETERS_PER_HOUR']",,
Vehicle.Cabin.Infotainment.HMI.EVEnergyUnits,actuator,EV energy unit used in the current HMI,"Ampere hours is by definition not an energy unit, but can be used as a measurement of energy if the voltage, like nominal voltage of the battery, is known.",,string,,,,"['WATT_HOURS', 'AMPERE_HOURS', 'KILOWATT_HOURS']",,
Vehicle.Cabin.Infotainment.HMI.Brightness,actuator,"Brightness of the HMI, relative to supported range. 0 = Lowest brightness possible. 100 = Maximum Brightness possible.","The value 0 does not necessarily correspond to a turned off HMI, as it may not be allowed/supported to turn off the HMI completely.",,float,percent,0,100,,,
Vehicle.Cabin.Infotainment.HMI.DayNightMode,actuator,Current display theme,,,string,,,,"['DAY', 'NIGHT']",,
Vehicle.Cabin.Infotainment.HMI.IsScreenAlwaysOn,actuator,Used to prevent the screen going black if no action placed.,,,boolean,,,,,,
Vehicle.Cabin.Infotainment.HMI.LastActionTime,sensor,"Time for last hmi action, formatted according to ISO 8601 with UTC time zone.",,,string,iso8601,,,,,
Vehicle.Cabin.Infotainment.HMI.DisplayOffDuration,actuator,Duration in seconds before the display is turned off. Value shall be 0 if screen never shall turn off.,"Display shall be turned off at HMI.LastActionTime + HMI.DisplayOffDuration, unless HMI.IsScreenAlwaysOn==True.",,uint16,s,,,,,
Vehicle.Cabin.Infotainment.SmartphoneProjection.Active,actuator,Projection activation info.,NONE indicates that projection is not supported.,,string,,,,"['NONE', 'ACTIVE', 'INACTIVE']",,
Vehicle.Cabin.Infotainment.SmartphoneProjection.Source,actuator,Connectivity source selected for projection.,Smartphone projection exposes or controls specific applications on the Smartphone on the vehicle infotainment system.,,string,,,,"['USB', 'BLUETOOTH', 'WIFI']",,
Vehicle.Cabin.Infotainment.SmartphoneProjection.SupportedMode,attribute,Supportable list for projection.,,,string[],,,,"['ANDROID_AUTO', 'APPLE_CARPLAY', 'MIRROR_LINK', 'OTHER']",,
Vehicle.Cabin.Infotainment.SmartphoneScreenMirroring.Active,actuator,Mirroring activation info.,NONE indicates that mirroring is not supported.,,string,,,,"['NONE', 'ACTIVE', 'INACTIVE']",,
Vehicle.Cabin.Infotainment.SmartphoneScreenMirroring.Source,actuator,Connectivity source selected for mirroring.,,,string,,,,"['USB', 'BLUETOOTH', 'WIFI']",,
Vehicle.Cabin.Infotainment.PowerOptimizeLevel,actuator,"Power optimization level for this branch/subsystem. A higher number indicates more aggressive power optimization. Level 0 indicates that all functionality is enabled, no power optimization enabled. Level 10 indicates most aggressive power optimization mode, only essential functionality enabled.",,,uint8,,0,10,,,
Vehicle.Cabin.Infotainment.IsAutoPowerOptimize,actuator,"Auto Power Optimization Flag When set to 'true', the system enables automatic power optimization, dynamically adjusting the power optimization level based on runtime conditions or features managed by the OEM. When set to 'false', manual control of the power optimization level is allowed.",,,boolean,,,,,,
Vehicle.Cabin.Sunroof.Position,sensor,Sunroof position. 0 = Fully closed 100 = Fully opened. -100 = Fully tilted.,,,int8,percent,-100,100,,,
Vehicle.Cabin.Sunroof.Switch,actuator,"Switch controlling sliding action such as window, sunroof, or shade.",,,string,,,,"['INACTIVE', 'CLOSE', 'OPEN', 'ONE_SHOT_CLOSE', 'ONE_SHOT_OPEN', 'TILT_UP', 'TILT_DOWN']",,
Vehicle.Cabin.Sunroof.Shade.IsOpen,actuator,Is item open or closed? True = Fully or partially open. False = Fully closed.,,,boolean,,,,,,
Vehicle.Cabin.Sunroof.Shade.Position,actuator,Item position. 0 = Start position 100 = End position.,Relationship between Open/Close and Start/End position is item dependent.,,uint8,percent,0,100,,,
Vehicle.Cabin.Sunroof.Shade.Switch,actuator,"Switch controlling sliding action such as window, sunroof, or blind.",,,string,,,,"['INACTIVE', 'CLOSE', 'OPEN', 'ONE_SHOT_CLOSE', 'ONE_SHOT_OPEN']",,
Vehicle.Cabin.RearviewMirror.DimmingLevel,actuator,Dimming level of rear-view mirror. 0 = Undimmed. 100 = Fully dimmed.,,,uint8,percent,,100,,,
Vehicle.Cabin.Light.IsGloveBoxOn,actuator,Is glove box light on,,,boolean,,,,,,
Vehicle.Cabin.Light.IsDomeOn,actuator,Is central dome light on,,,boolean,,,,,,
Vehicle.Cabin.Light.PerceivedAmbientLight,sensor,"The percentage of ambient light that is measured (e.g., by a sensor) inside the cabin. 0 = No ambient light. 100 = Full brightness.","V4.0 named changed from ""AmbientLight"" to ""PerceivedAmbientLight"". This is a read-only property that refers to the pre-existing light (e.g., natural light). If you are looking for the in-cabin decorative lights that sometimes are also called ""AmbientLights"", please refer to the branch Vehicle.Cabin.Light.AmbientLight.",,uint8,percent,0,100,,,
Vehicle.Cabin.Light.Spotlight.IsLightOn,actuator,"Indicates whether the light is turned on. True = On, False = Off.",,,boolean,,,,,,
Vehicle.Cabin.Light.Spotlight.Intensity,actuator,"How much of the maximum possible brightness of the light is used. 1 = Maximum attenuation, 100 = No attenuation (i.e. full brightness).",Minimum value cannot be zero as on/off is controlled by the actuator IsLightOn. V4.0 moved from Cabin.Lights.AmbientLight.Intensity to enable individual control of lights via the SingleConfigurableLight.vspec.,,uint8,percent,1,100,,,
Vehicle.Cabin.Light.Spotlight.Color,actuator,"Hexadecimal color code represented as a 3-byte RGB (i.e. Red, Green, and Blue) value preceded by a hash symbol ""#"". Allowed range ""#000000"" to ""#FFFFFF"".","For example; ""#C0C0C0"" = Silver, ""#FFD700"" = Gold, ""#000000"" = Black, ""#FFFFFF"" = White, etc.",,string,,,,,,
Vehicle.Cabin.Light.AmbientLight.IsLightOn,actuator,"Indicates whether the light is turned on. True = On, False = Off.",,,boolean,,,,,,
Vehicle.Cabin.Light.AmbientLight.Intensity,actuator,"How much of the maximum possible brightness of the light is used. 1 = Maximum attenuation, 100 = No attenuation (i.e. full brightness).",Minimum value cannot be zero as on/off is controlled by the actuator IsLightOn. V4.0 moved from Cabin.Lights.AmbientLight.Intensity to enable individual control of lights via the SingleConfigurableLight.vspec.,,uint8,percent,1,100,,,
Vehicle.Cabin.Light.AmbientLight.Color,actuator,"Hexadecimal color code represented as a 3-byte RGB (i.e. Red, Green, and Blue) value preceded by a hash symbol ""#"". Allowed range ""#000000"" to ""#FFFFFF"".","For example; ""#C0C0C0"" = Silver, ""#FFD700"" = Gold, ""#000000"" = Black, ""#FFFFFF"" = White, etc.",,string,,,,,,
Vehicle.Cabin.Light.InteractiveLightBar.Effect,actuator,Light effect selection from a predefined set of allowed values.,Default and allowed values are OEM-specific and should be defined accordingly (e.g. with the use of overlays).,,string,,,,,,
Vehicle.Cabin.Light.InteractiveLightBar.IsLightOn,actuator,"Indicates whether the light is turned on. True = On, False = Off.",,,boolean,,,,,,
Vehicle.Cabin.Light.InteractiveLightBar.Intensity,actuator,"How much of the maximum possible brightness of the light is used. 1 = Maximum attenuation, 100 = No attenuation (i.e. full brightness).",Minimum value cannot be zero as on/off is controlled by the actuator IsLightOn. V4.0 moved from Cabin.Lights.AmbientLight.Intensity to enable individual control of lights via the SingleConfigurableLight.vspec.,,uint8,percent,1,100,,,
Vehicle.Cabin.Light.InteractiveLightBar.Color,actuator,"Hexadecimal color code represented as a 3-byte RGB (i.e. Red, Green, and Blue) value preceded by a hash symbol ""#"". Allowed range ""#000000"" to ""#FFFFFF"".","For example; ""#C0C0C0"" = Silver, ""#FFD700"" = Gold, ""#000000"" = Black, ""#FFFFFF"" = White, etc.",,string,,,,,,
Vehicle.Cabin.Door.Window.IsOpen,actuator,Is item open or closed? True = Fully or partially open. False = Fully closed.,,,boolean,,,,,,
Vehicle.Cabin.Door.Window.Position,actuator,Item position. 0 = Start position 100 = End position.,Relationship between Open/Close and Start/End position is item dependent.,,uint8,percent,0,100,,,
Vehicle.Cabin.Door.Window.Switch,actuator,"Switch controlling sliding action such as window, sunroof, or blind.",,,string,,,,"['INACTIVE', 'CLOSE', 'OPEN', 'ONE_SHOT_CLOSE', 'ONE_SHOT_OPEN']",,
Vehicle.Cabin.Door.IsChildLockActive,sensor,Is door child lock active. True = Door cannot be opened from inside. False = Door can be opened from inside.,,,boolean,,,,,,
Vehicle.Cabin.Door.Shade.IsOpen,actuator,Is item open or closed? True = Fully or partially open. False = Fully closed.,,,boolean,,,,,,
Vehicle.Cabin.Door.Shade.Position,actuator,Item position. 0 = Start position 100 = End position.,Relationship between Open/Close and Start/End position is item dependent.,,uint8,percent,0,100,,,
Vehicle.Cabin.Door.Shade.Switch,actuator,"Switch controlling sliding action such as window, sunroof, or blind.",,,string,,,,"['INACTIVE', 'CLOSE', 'OPEN', 'ONE_SHOT_CLOSE', 'ONE_SHOT_OPEN']",,
Vehicle.Cabin.Door.IsLocked,actuator,Is item locked or unlocked. True = Locked. False = Unlocked.,,,boolean,,,,,,
Vehicle.Cabin.Door.IsOpen,actuator,Is item open or closed? True = Fully or partially open. False = Fully closed.,,,boolean,,,,,,
Vehicle.Cabin.Door.Position,actuator,Item position. 0 = Start position 100 = End position.,Relationship between Open/Close and Start/End position is item dependent.,,uint8,percent,0,100,,,
Vehicle.Cabin.Door.Switch,actuator,"Switch controlling sliding action such as window, sunroof, or blind.",,,string,,,,"['INACTIVE', 'CLOSE', 'OPEN', 'ONE_SHOT_CLOSE', 'ONE_SHOT_OPEN']",,
Vehicle.Cabin.DoorCount,attribute,Number of doors in vehicle.,,,uint8,,,,,4,
Vehicle.Cabin.IsWindowChildLockEngaged,actuator,Is window child lock engaged. True = Engaged. False = Disengaged.,"Window child lock refers to the functionality to disable the move window button next to most windows, so that they only can be operated by the driver.",,boolean,,,,,,
Vehicle.Cabin.Seat.IsOccupied,sensor,Does the seat have a passenger in it.,,,boolean,,,,,,
Vehicle.Cabin.Seat.Occupant.Identifier.Subject,sensor,Subject for the authentication of the occupant e.g. UserID 7331677.,,,string,,,,,,
Vehicle.Cabin.Seat.Occupant.Identifier.Issuer,sensor,Unique Issuer for the authentication of the occupant e.g. https://accounts.funcorp.com.,,,string,,,,,,
Vehicle.Cabin.Seat.IsBelted,sensor,Is the belt engaged.,,,boolean,,,,,,
Vehicle.Cabin.Seat.SeatBeltHeight,actuator,Seat belt position on vehicle z-axis. Position is relative within available movable range of the seat belt. 0 = Lowermost position supported.,,,uint16,mm,,,,,
Vehicle.Cabin.Seat.Heating,actuator,Seat cooling / heating. 0 = off. -100 = max cold. +100 = max heat.,,,int8,percent,-100,100,,,
Vehicle.Cabin.Seat.Massage,actuator,Seat massage level. 0 = off. 100 = max massage.,,,uint8,percent,0,100,,,
Vehicle.Cabin.Seat.Position,actuator,Seat position on vehicle x-axis. Position is relative to the frontmost position supported by the seat. 0 = Frontmost position supported.,,,uint16,mm,0,,,,
Vehicle.Cabin.Seat.Height,actuator,Seat position on vehicle z-axis. Position is relative within available movable range of the seating. 0 = Lowermost position supported.,,,uint16,mm,0,,,,
Vehicle.Cabin.Seat.Tilt,actuator,"Tilting of seat (seating and backrest) relative to vehicle x-axis. 0 = seat bottom is flat, seat bottom and vehicle x-axis are parallel. Positive degrees = seat tilted backwards, seat x-axis tilted upward, seat z-axis is tilted backward.","In VSS it is assumed that tilting a seat affects both seating (seat bottom) and backrest, i.e. the angle between seating and backrest will not be affected when changing Tilt.",,float,degrees,,,,,
Vehicle.Cabin.Seat.Backrest.Recline,actuator,Backrest recline compared to seat z-axis (seat vertical axis). 0 degrees = Upright/Vertical backrest. Negative degrees for forward recline. Positive degrees for backward recline.,Seat z-axis depends on seat tilt. This means that movement of backrest due to seat tilting will not affect Backrest.Recline as long as the angle between Seating and Backrest are constant. Absolute recline relative to vehicle z-axis can be calculated as Tilt + Backrest.Recline.,,float,degrees,,,,,
Vehicle.Cabin.Seat.Backrest.Lumbar.Support,actuator,Lumbar support (in/out position). 0 = Innermost position. 100 = Outermost position.,,,float,percent,0,100,,,
Vehicle.Cabin.Seat.Backrest.Lumbar.Height,actuator,Height of lumbar support. Position is relative within available movable range of the lumbar support. 0 = Lowermost position supported.,,,uint8,mm,0,,,,
Vehicle.Cabin.Seat.Backrest.SideBolster.Support,actuator,Side bolster support. 0 = Minimum support (widest side bolster setting). 100 = Maximum support.,,,float,percent,0,100,,,
Vehicle.Cabin.Seat.Seating.Length,actuator,Length adjustment of seating. 0 = Adjustable part of seating in rearmost position (Shortest length of seating).,,,uint16,mm,0,,,,
Vehicle.Cabin.Seat.Headrest.Height,actuator,Position of headrest relative to movable range of the head rest. 0 = Bottommost position supported.,,,uint8,mm,0,,,,
Vehicle.Cabin.Seat.Headrest.Angle,actuator,"Headrest angle, relative to backrest, 0 degrees if parallel to backrest, Positive degrees = tilted forward.",,,float,degrees,,,,,
Vehicle.Cabin.Seat.Airbag.IsDeployed,sensor,Airbag deployment status. True = Airbag deployed. False = Airbag not deployed.,,,boolean,,,,,,
Vehicle.Cabin.Seat.Switch.IsWarmerEngaged,actuator,Warmer switch for Seat heater (SingleSeat.Heating).,,,boolean,,,,,,
Vehicle.Cabin.Seat.Switch.IsCoolerEngaged,actuator,Cooler switch for Seat heater (SingleSeat.Heating).,,,boolean,,,,,,
Vehicle.Cabin.Seat.Switch.IsForwardEngaged,actuator,Seat forward switch engaged (SingleSeat.Position).,,,boolean,,,,,,
Vehicle.Cabin.Seat.Switch.IsBackwardEngaged,actuator,Seat backward switch engaged (SingleSeat.Position).,,,boolean,,,,,,
Vehicle.Cabin.Seat.Switch.IsUpEngaged,actuator,Seat up switch engaged (SingleSeat.Height).,,,boolean,,,,,,
Vehicle.Cabin.Seat.Switch.IsDownEngaged,actuator,Seat down switch engaged (SingleSeat.Height).,,,boolean,,,,,,
Vehicle.Cabin.Seat.Switch.IsTiltForwardEngaged,actuator,Tilt forward switch engaged (SingleSeat.Tilt).,,,boolean,,,,,,
Vehicle.Cabin.Seat.Switch.IsTiltBackwardEngaged,actuator,Tilt backward switch engaged (SingleSeat.Tilt).,,,boolean,,,,,,
Vehicle.Cabin.Seat.Switch.Backrest.IsReclineForwardEngaged,actuator,Backrest recline forward switch engaged (SingleSeat.Backrest.Recline).,,,boolean,,,,,,
Vehicle.Cabin.Seat.Switch.Backrest.IsReclineBackwardEngaged,actuator,Backrest recline backward switch engaged (SingleSeat.Backrest.Recline).,,,boolean,,,,,,
Vehicle.Cabin.Seat.Switch.Backrest.Lumbar.IsMoreSupportEngaged,actuator,Is switch for more lumbar support engaged (SingleSeat.Backrest.Lumbar.Support).,,,boolean,,,,,,
Vehicle.Cabin.Seat.Switch.Backrest.Lumbar.IsLessSupportEngaged,actuator,Is switch for less lumbar support engaged (SingleSeat.Backrest.Lumbar.Support).,,,boolean,,,,,,
Vehicle.Cabin.Seat.Switch.Backrest.Lumbar.IsUpEngaged,actuator,Lumbar up switch engaged (SingleSeat.Backrest.Lumbar.Support).,,,boolean,,,,,,
Vehicle.Cabin.Seat.Switch.Backrest.Lumbar.IsDownEngaged,actuator,Lumbar down switch engaged (SingleSeat.Backrest.Lumbar.Support).,,,boolean,,,,,,
Vehicle.Cabin.Seat.Switch.Backrest.SideBolster.IsMoreSupportEngaged,actuator,Is switch for more side bolster support engaged (SingleSeat.Backrest.SideBolster.Support).,,,boolean,,,,,,
Vehicle.Cabin.Seat.Switch.Backrest.SideBolster.IsLessSupportEngaged,actuator,Is switch for less side bolster support engaged (SingleSeat.Backrest.SideBolster.Support).,,,boolean,,,,,,
Vehicle.Cabin.Seat.Switch.Seating.IsForwardEngaged,actuator,Is switch to increase seating length engaged (SingleSeat.Seating.Length).,,,boolean,,,,,,
Vehicle.Cabin.Seat.Switch.Seating.IsBackwardEngaged,actuator,Is switch to decrease seating length engaged (SingleSeat.Seating.Length).,,,boolean,,,,,,
Vehicle.Cabin.Seat.Switch.Headrest.IsUpEngaged,actuator,Head rest up switch engaged (SingleSeat.Headrest.Height).,,,boolean,,,,,,
Vehicle.Cabin.Seat.Switch.Headrest.IsDownEngaged,actuator,Head rest down switch engaged (SingleSeat.Headrest.Height).,,,boolean,,,,,,
Vehicle.Cabin.Seat.Switch.Headrest.IsForwardEngaged,actuator,Head rest forward switch engaged (SingleSeat.Headrest.Angle).,,,boolean,,,,,,
Vehicle.Cabin.Seat.Switch.Headrest.IsBackwardEngaged,actuator,Head rest backward switch engaged (SingleSeat.Headrest.Angle).,,,boolean,,,,,,
Vehicle.Cabin.Seat.Switch.Massage.IsIncreaseEngaged,actuator,Increase massage level switch engaged (SingleSeat.Massage).,,,boolean,,,,,,
Vehicle.Cabin.Seat.Switch.Massage.IsDecreaseEngaged,actuator,Decrease massage level switch engaged (SingleSeat.Massage).,,,boolean,,,,,,
Vehicle.Cabin.Seat.HeatingCooling,actuator,"Heating or Cooling requsted for the Item. -100 = Maximum cooling, 0 = Heating/cooling deactivated, 100 = Maximum heating.",,,int8,percent,-100,100,,,
Vehicle.Cabin.DriverPosition,attribute,The position of the driver seat in row 1.,"Some signals use DriverSide and PassengerSide as instances. If this signal specifies that DriverPosition is LEFT or MIDDLE, then DriverSide refers to left side and PassengerSide to right side. If this signal specifies that DriverPosition is RIGHT, then DriverSide refers to right side and PassengerSide to left side.",,string,,,,"['LEFT', 'MIDDLE', 'RIGHT']",,
Vehicle.Cabin.SeatRowCount,attribute,Number of seat rows in vehicle.,Default value corresponds to two rows of seats.,,uint8,,,,,2,
Vehicle.Cabin.SeatPosCount,attribute,Number of seats across each row from the front to the rear.,Default value corresponds to two seats in front row and 3 seats in second row.,,uint8[],,,,,"[2, 3]",
Vehicle.Cabin.Convertible.Status,sensor,Roof status on convertible vehicles.,,,string,,,,"['UNDEFINED', 'CLOSED', 'OPEN', 'CLOSING', 'OPENING', 'STALLED']",,
Vehicle.Cabin.PowerOptimizeLevel,actuator,"Power optimization level for this branch/subsystem. A higher number indicates more aggressive power optimization. Level 0 indicates that all functionality is enabled, no power optimization enabled. Level 10 indicates most aggressive power optimization mode, only essential functionality enabled.",,,uint8,,0,10,,,
Vehicle.Cabin.IsAutoPowerOptimize,actuator,"Auto Power Optimization Flag When set to 'true', the system enables automatic power optimization, dynamically adjusting the power optimization level based on runtime conditions or features managed by the OEM. When set to 'false', manual control of the power optimization level is allowed.",,,boolean,,,,,,
Vehicle.ADAS.ActiveAutonomyLevel,sensor,Indicates the currently active level of driving automation according to the SAE J3016 (Taxonomy and Definitions for Terms Related to Driving Automation Systems for On-Road Motor Vehicles).,"Complies with https://www.sae.org/standards/content/j3016_202104/ and https://www.sae.org/blog/sae-j3016-update. Level 5 and 4 ADS (Automated driving system) disengage, if appropriate, only after it achieves a minimal risk condition or a driver is performing the DDT. Level 3 ADS disengages either an appropriate time after issuing a request to intervene or immediately upon user request. Level 2 DAS (Driving automation system) disengages immediately upon driver request. However, since many Level 2 DAS, often termed ""Level 2.5"", warn the driver shortly before reaching their operational limits, the VSS also supports the DISENGAGING state for SAE_2. Nevertheless, it should be noted that the SAE J3016 states that it is incorrect to describe driving automation features using fractional levels.",,string,,,,"['SAE_0', 'SAE_1', 'SAE_2_DISENGAGING', 'SAE_2', 'SAE_3_DISENGAGING', 'SAE_3', 'SAE_4_DISENGAGING', 'SAE_4', 'SAE_5_DISENGAGING', 'SAE_5']",,
Vehicle.ADAS.SupportedAutonomyLevel,attribute,Indicates the highest level of driving automation according to the SAE J3016 taxonomy the vehicle is capable of.,,,string,,,,"['SAE_0', 'SAE_1', 'SAE_2', 'SAE_3', 'SAE_4', 'SAE_5']",,
Vehicle.ADAS.CruiseControl.IsEnabled,actuator,Indicates if cruise control system is enabled (e.g. ready to receive configurations and settings) True = Enabled. False = Disabled.,,,boolean,,,,,,
Vehicle.ADAS.CruiseControl.IsActive,actuator,Indicates if cruise control system is active (i.e. actively controls speed). True = Active. False = Inactive.,,,boolean,,,,,,
Vehicle.ADAS.CruiseControl.SpeedSet,actuator,Set cruise control speed in kilometers per hour.,,,float,km/h,,,,,
Vehicle.ADAS.CruiseControl.IsError,sensor,Indicates if cruise control system incurred an error condition. True = Error. False = No Error.,,,boolean,,,,,,
Vehicle.ADAS.LaneDepartureDetection.IsEnabled,actuator,Indicates if lane departure detection system is enabled. True = Enabled. False = Disabled.,,,boolean,,,,,,
Vehicle.ADAS.LaneDepartureDetection.IsWarning,sensor,Indicates if lane departure detection registered a lane departure.,,,boolean,,,,,,
Vehicle.ADAS.LaneDepartureDetection.IsError,sensor,Indicates if lane departure system incurred an error condition. True = Error. False = No Error.,,,boolean,,,,,,
Vehicle.ADAS.ObstacleDetection.IsEnabled,actuator,Indicates if obstacle sensor system is enabled (i.e. monitoring for obstacles). True = Enabled. False = Disabled.,,,boolean,,,,,,
Vehicle.ADAS.ObstacleDetection.IsWarning,sensor,Indicates if obstacle sensor system registered an obstacle.,,,boolean,,,,,,
Vehicle.ADAS.ObstacleDetection.IsError,sensor,Indicates if obstacle sensor system incurred an error condition. True = Error. False = No Error.,,,boolean,,,,,,
Vehicle.ADAS.ABS.IsEnabled,actuator,Indicates if ABS is enabled. True = Enabled. False = Disabled.,,,boolean,,,,,,
Vehicle.ADAS.ABS.IsError,sensor,Indicates if ABS incurred an error condition. True = Error. False = No Error.,,,boolean,,,,,,
Vehicle.ADAS.ABS.IsEngaged,sensor,Indicates if ABS is currently regulating brake pressure. True = Engaged. False = Not Engaged.,,,boolean,,,,,,
Vehicle.ADAS.TCS.IsEnabled,actuator,Indicates if TCS is enabled. True = Enabled. False = Disabled.,,,boolean,,,,,,
Vehicle.ADAS.TCS.IsError,sensor,Indicates if TCS incurred an error condition. True = Error. False = No Error.,,,boolean,,,,,,
Vehicle.ADAS.TCS.IsEngaged,sensor,Indicates if TCS is currently regulating traction. True = Engaged. False = Not Engaged.,,,boolean,,,,,,
Vehicle.ADAS.ESC.IsEnabled,actuator,Indicates if ESC is enabled. True = Enabled. False = Disabled.,,,boolean,,,,,,
Vehicle.ADAS.ESC.IsError,sensor,Indicates if ESC incurred an error condition. True = Error. False = No Error.,,,boolean,,,,,,
Vehicle.ADAS.ESC.IsEngaged,sensor,Indicates if ESC is currently regulating vehicle stability. True = Engaged. False = Not Engaged.,,,boolean,,,,,,
Vehicle.ADAS.ESC.IsStrongCrossWindDetected,sensor,Indicates if the ESC system is detecting strong cross winds. True = Strong cross winds detected. False = No strong cross winds detected.,,,boolean,,,,,,
Vehicle.ADAS.ESC.RoadFriction.MostProbable,sensor,"Most probable road friction, as calculated by the ESC system. Exact meaning of most probable is implementation specific. 0 = no friction, 100 = maximum friction.",,,float,percent,0,100,,,
Vehicle.ADAS.ESC.RoadFriction.LowerBound,sensor,"Lower bound road friction, as calculated by the ESC system. 5% possibility that road friction is below this value. 0 = no friction, 100 = maximum friction.",,,float,percent,0,100,,,
Vehicle.ADAS.ESC.RoadFriction.UpperBound,sensor,"Upper bound road friction, as calculated by the ESC system. 95% possibility that road friction is below this value. 0 = no friction, 100 = maximum friction.",,,float,percent,0,100,,,
Vehicle.ADAS.EBD.IsEnabled,actuator,Indicates if EBD is enabled. True = Enabled. False = Disabled.,,,boolean,,,,,,
Vehicle.ADAS.EBD.IsError,sensor,Indicates if EBD incurred an error condition. True = Error. False = No Error.,,,boolean,,,,,,
Vehicle.ADAS.EBD.IsEngaged,sensor,Indicates if EBD is currently regulating vehicle brakeforce distribution. True = Engaged. False = Not Engaged.,,,boolean,,,,,,
Vehicle.ADAS.EBA.IsEnabled,actuator,Indicates if EBA is enabled. True = Enabled. False = Disabled.,,,boolean,,,,,,
Vehicle.ADAS.EBA.IsError,sensor,Indicates if EBA incurred an error condition. True = Error. False = No Error.,,,boolean,,,,,,
Vehicle.ADAS.EBA.IsEngaged,sensor,Indicates if EBA is currently regulating brake pressure. True = Engaged. False = Not Engaged.,,,boolean,,,,,,
Vehicle.ADAS.DMS.IsEnabled,actuator,Indicates if DMS is enabled. True = Enabled. False = Disabled.,,,boolean,,,,,,
Vehicle.ADAS.DMS.IsWarning,sensor,Indicates if DMS has registered a driver alert condition.,,,boolean,,,,,,
Vehicle.ADAS.DMS.IsError,sensor,Indicates if DMS incurred an error condition. True = Error. False = No Error.,,,boolean,,,,,,
Vehicle.ADAS.PowerOptimizeLevel,actuator,"Power optimization level for this branch/subsystem. A higher number indicates more aggressive power optimization. Level 0 indicates that all functionality is enabled, no power optimization enabled. Level 10 indicates most aggressive power optimization mode, only essential functionality enabled.",,,uint8,,0,10,,,
Vehicle.ADAS.IsAutoPowerOptimize,actuator,"Auto Power Optimization Flag When set to 'true', the system enables automatic power optimization, dynamically adjusting the power optimization level based on runtime conditions or features managed by the OEM. When set to 'false', manual control of the power optimization level is allowed.",,,boolean,,,,,,
Vehicle.Chassis.Wheelbase,attribute,"Overall wheelbase, in mm.",,,uint16,mm,,,,0,
Vehicle.Chassis.Axle.TreadWidth,attribute,"The lateral distance between the centerlines of the base tires at ground, including camber angle. If there are dual rear wheels, measure from the midway points between the inner and outer tires.",Corresponds to SAE J1100-2009 W101.,,uint16,mm,,,,,
Vehicle.Chassis.Axle.TrackWidth,attribute,"The lateral distance between the centers of the wheels, measured along the spindle, or axle axis. If there are dual rear wheels, measure from the midway points between the inner and outer tires.",Corresponds to SAE J1100-2009 W102.,,uint16,mm,,,,,
Vehicle.Chassis.Axle.AxleWidth,attribute,"The lateral distance between the wheel mounting faces, measured along the spindle axis.",Corresponds to SAE J1100-2009 W113.,,uint16,mm,,,,,
Vehicle.Chassis.Axle.WheelCount,attribute,Number of wheels on the axle,,,uint8,,,,,,
Vehicle.Chassis.Axle.WheelDiameter,attribute,"Diameter of wheels (rims without tires), in inches, as per ETRTO / TRA standard.",,,float,inch,,,,,
Vehicle.Chassis.Axle.WheelWidth,attribute,"Width of wheels (rims without tires), in inches, as per ETRTO / TRA standard.",,,float,inch,,,,,
Vehicle.Chassis.Axle.SteeringAngle,sensor,Single track two-axle model steering angle. Angle according to ISO 8855. Positive = degrees to the left. Negative = degrees to the right.,Single track two-axle model steering angle refers to the angle that a centrally mounted wheel would have.,,float,degrees,,,,,
Vehicle.Chassis.Axle.TireDiameter,attribute,"Outer diameter of tires, in inches, as per ETRTO / TRA standard.",,,float,inch,,,,,
Vehicle.Chassis.Axle.TireWidth,attribute,"Nominal section width of tires, in mm, as per ETRTO / TRA standard.",,,uint16,mm,,,,,
Vehicle.Chassis.Axle.TireAspectRatio,attribute,"Aspect ratio between tire section height and tire section width, as per ETRTO / TRA standard.",,,uint8,percent,,,,,
Vehicle.Chassis.Axle.Wheel.Brake.FluidLevel,sensor,Brake fluid level as percent. 0 = Empty. 100 = Full.,,,uint8,percent,,100,,,
Vehicle.Chassis.Axle.Wheel.Brake.IsFluidLevelLow,sensor,Brake fluid level status. True = Brake fluid level low. False = Brake fluid level OK.,,,boolean,,,,,,
Vehicle.Chassis.Axle.Wheel.Brake.PadWear,sensor,Brake pad wear as percent. 0 = No Wear. 100 = Worn.,,,uint8,percent,,100,,,
Vehicle.Chassis.Axle.Wheel.Brake.IsBrakesWorn,sensor,Brake pad wear status. True = Worn. False = Not Worn.,,,boolean,,,,,,
Vehicle.Chassis.Axle.Wheel.Tire.Pressure,sensor,Tire pressure in kilo-Pascal.,,,uint16,kPa,,,,,
Vehicle.Chassis.Axle.Wheel.Tire.IsPressureLow,sensor,Tire Pressure Status. True = Low tire pressure. False = Good tire pressure.,,,boolean,,,,,,
Vehicle.Chassis.Axle.Wheel.Tire.Temperature,sensor,Tire temperature in Celsius.,,,float,celsius,,,,,
Vehicle.Chassis.Axle.Wheel.Speed,sensor,Linear speed of a vehicle's wheel.,,,float,km/h,,,,,
Vehicle.Chassis.Axle.Wheel.AngularSpeed,sensor,Angular (Rotational) speed of a vehicle's wheel.,Positive if wheel is trying to drive vehicle forward. Negative if wheel is trying to drive vehicle backward.,,float,degrees/s,,,,,
Vehicle.Chassis.AxleCount,attribute,Number of axles on the vehicle,,,uint8,,,,,2,
Vehicle.Chassis.ParkingBrake.IsEngaged,actuator,Parking brake status. True = Parking Brake is Engaged. False = Parking Brake is not Engaged.,,,boolean,,,,,,
Vehicle.Chassis.ParkingBrake.IsAutoApplyEnabled,actuator,Indicates if parking brake will be automatically engaged when the vehicle engine is turned off.,,,boolean,,,,,,
Vehicle.Chassis.SteeringWheel.Angle,sensor,Steering wheel angle. Positive = degrees to the left. Negative = degrees to the right.,,,int16,degrees,,,,,
Vehicle.Chassis.SteeringWheel.Tilt,actuator,Steering wheel column tilt. 0 = Lowest position. 100 = Highest position.,,,uint8,percent,0,100,,,
Vehicle.Chassis.SteeringWheel.Extension,actuator,Steering wheel column extension from dashboard. 0 = Closest to dashboard. 100 = Furthest from dashboard.,,,uint8,percent,0,100,,,
Vehicle.Chassis.SteeringWheel.HeatingCooling,actuator,"Heating or Cooling requsted for the Item. -100 = Maximum cooling, 0 = Heating/cooling deactivated, 100 = Maximum heating.",,,int8,percent,-100,100,,,
Vehicle.Chassis.Accelerator.PedalPosition,sensor,Accelerator pedal position as percent. 0 = Not depressed. 100 = Fully depressed.,,,uint8,percent,0,100,,,
Vehicle.Chassis.Brake.PedalPosition,sensor,Brake pedal position as percent. 0 = Not depressed. 100 = Fully depressed.,,,uint8,percent,0,100,,,
Vehicle.Chassis.Brake.IsDriverEmergencyBrakingDetected,sensor,Indicates if emergency braking initiated by driver is detected. True = Emergency braking detected. False = Emergency braking not detected.,Detection of emergency braking can trigger Emergency Brake Assist (EBA) to engage.,,boolean,,,,,,
Vehicle.OBD.PidsA,attribute,PID 00 - Array of the supported PIDs 01 to 20 in Hexadecimal.,,,string[],,,,"['01', '02', '03', '04', '05', '06', '07', '08', '09', '0A', '0B', '0C', '0D', '0E', '0F', '10', '11', '12', '13', '14', '15', '16', '17', '18', '19', '1A', '1B', '1C', '1D', '1E', '1F', '20']",,
Vehicle.OBD.PidsB,attribute,PID 20 - Array of the supported PIDs 21 to 40 in Hexadecimal.,,,string[],,,,"['21', '22', '23', '24', '25', '26', '27', '28', '29', '2A', '2B', '2C', '2D', '2E', '2F', '30', '31', '32', '33', '34', '35', '36', '37', '38', '39', '3A', '3B', '3C', '3D', '3E', '3F', '40']",,
Vehicle.OBD.PidsC,attribute,PID 40 - Array of the supported PIDs 41 to 60 in Hexadecimal.,,,string[],,,,"['41', '42', '43', '44', '45', '46', '47', '48', '49', '4A', '4B', '4C', '4D', '4E', '4F', '50', '51', '52', '53', '54', '55', '56', '57', '58', '59', '5A', '5B', '5C', '5D', '5E', '5F', '60']",,
Vehicle.OBD.Status.IsMILOn,sensor,"Malfunction Indicator Light (MIL) False = Off, True = On",,,boolean,,,,,,
Vehicle.OBD.Status.DTCCount,sensor,Number of Diagnostic Trouble Codes (DTC),,,uint8,,,,,,
Vehicle.OBD.Status.IgnitionType,attribute,"Type of the ignition for ICE - spark = spark plug ignition, compression = self-igniting (Diesel engines)",,,string,,,,"['SPARK', 'COMPRESSION']",,
Vehicle.OBD.DTCList,sensor,List of currently active DTCs formatted according OBD II (SAE-J2012DA_201812) standard ([P|C|B|U]XXXXX ),,,string[],,,,,,
Vehicle.OBD.FreezeDTC,sensor,PID 02 - DTC that triggered the freeze frame,,,string,,,,,,
Vehicle.OBD.FuelStatus,sensor,PID 03 - Fuel status,,,string,,,,,,
Vehicle.OBD.EngineLoad,sensor,"PID 04 - Engine load in percent - 0 = no load, 100 = full load",,,float,percent,,,,,
Vehicle.OBD.CoolantTemperature,sensor,PID 05 - Coolant temperature,,,float,celsius,,,,,
Vehicle.OBD.ShortTermFuelTrim1,sensor,"PID 06 - Short Term (immediate) Fuel Trim - Bank 1 - negative percent leaner, positive percent richer",,,float,percent,,,,,
Vehicle.OBD.LongTermFuelTrim1,sensor,"PID 07 - Long Term (learned) Fuel Trim - Bank 1 - negative percent leaner, positive percent richer",,,float,percent,,,,,
Vehicle.OBD.ShortTermFuelTrim2,sensor,"PID 08 - Short Term (immediate) Fuel Trim - Bank 2 - negative percent leaner, positive percent richer",,,float,percent,,,,,
Vehicle.OBD.LongTermFuelTrim2,sensor,"PID 09 - Long Term (learned) Fuel Trim - Bank 2 - negative percent leaner, positive percent richer",,,float,percent,,,,,
Vehicle.OBD.FuelPressure,sensor,PID 0A - Fuel pressure,,,float,kPa,,,,,
Vehicle.OBD.MAP,sensor,PID 0B - Intake manifold pressure,,,float,kPa,,,,,
Vehicle.OBD.EngineSpeed,sensor,PID 0C - Engine speed measured as rotations per minute,,,float,rpm,,,,,
Vehicle.OBD.Speed,sensor,PID 0D - Vehicle speed,,,float,km/h,,,,,
Vehicle.OBD.TimingAdvance,sensor,PID 0E - Time advance,,,float,degrees,,,,,
Vehicle.OBD.IntakeTemp,sensor,PID 0F - Intake temperature,,,float,celsius,,,,,
Vehicle.OBD.MAF,sensor,PID 10 - Grams of air drawn into engine per second,,,float,g/s,,,,,
Vehicle.OBD.ThrottlePosition,sensor,"PID 11 - Throttle position - 0 = closed throttle, 100 = open throttle",,,float,percent,,,,,
Vehicle.OBD.AirStatus,sensor,PID 12 - Secondary air status,,,string,,,,,,
Vehicle.OBD.OxygenSensorsIn2Banks,sensor,"PID 13 - Presence of oxygen sensors in 2 banks. [A0..A3] == Bank 1, Sensors 1-4. [A4..A7] == Bank 2, Sensors 1-4",,,uint8,,,,,,
Vehicle.OBD.O2.Voltage,sensor,PID 1x (byte A) - Sensor voltage,,,float,V,,,,,
Vehicle.OBD.O2.ShortTermFuelTrim,sensor,PID 1x (byte B) - Short term fuel trim,,,float,percent,,,,,
Vehicle.OBD.OBDStandards,attribute,PID 1C - OBD standards this vehicle conforms to,,,uint8,,,,,,
Vehicle.OBD.OxygenSensorsIn4Banks,sensor,"PID 1D - Presence of oxygen sensors in 4 banks. Similar to PID 13, but [A0..A7] == [B1S1, B1S2, B2S1, B2S2, B3S1, B3S2, B4S1, B4S2]",,,uint8,,,,,,
Vehicle.OBD.IsPTOActive,sensor,PID 1E - Auxiliary input status (power take off),,,boolean,,,,,,
Vehicle.OBD.RunTime,sensor,PID 1F - Engine run time,,,float,s,,,,,
Vehicle.OBD.DistanceWithMIL,sensor,PID 21 - Distance traveled with MIL on,,,float,km,,,,,
Vehicle.OBD.FuelRailPressureVac,sensor,PID 22 - Fuel rail pressure relative to vacuum,,,float,kPa,,,,,
Vehicle.OBD.FuelRailPressureDirect,sensor,PID 23 - Fuel rail pressure direct inject,,,float,kPa,,,,,
Vehicle.OBD.O2WR.Lambda,sensor,PID 2x (byte AB) and PID 3x (byte AB) - Lambda for wide range/band oxygen sensor,,,float,,,,,,
Vehicle.OBD.O2WR.Voltage,sensor,PID 2x (byte CD) - Voltage for wide range/band oxygen sensor,,,float,V,,,,,
Vehicle.OBD.O2WR.Current,sensor,PID 3x (byte CD) - Current for wide range/band oxygen sensor,,,float,A,,,,,
Vehicle.OBD.CommandedEGR,sensor,PID 2C - Commanded exhaust gas recirculation (EGR),,,float,percent,,,,,
Vehicle.OBD.EGRError,sensor,PID 2D - Exhaust gas recirculation (EGR) error,,,float,percent,,,,,
Vehicle.OBD.CommandedEVAP,sensor,PID 2E - Commanded evaporative purge (EVAP) valve,,,float,percent,,,,,
Vehicle.OBD.FuelLevel,sensor,PID 2F - Fuel level in the fuel tank,,,float,percent,,,,,
Vehicle.OBD.WarmupsSinceDTCClear,sensor,PID 30 - Number of warm-ups since codes cleared,,,uint8,,,,,,
Vehicle.OBD.DistanceSinceDTCClear,sensor,PID 31 - Distance traveled since codes cleared,,,float,km,,,,,
Vehicle.OBD.EVAPVaporPressure,sensor,PID 32 - Evaporative purge (EVAP) system pressure,,,float,Pa,,,,,
Vehicle.OBD.BarometricPressure,sensor,PID 33 - Barometric pressure,,,float,kPa,,,,,
Vehicle.OBD.Catalyst.Bank1.Temperature1,sensor,"PID 3C - Catalyst temperature from bank 1, sensor 1",,,float,celsius,,,,,
Vehicle.OBD.Catalyst.Bank1.Temperature2,sensor,"PID 3E - Catalyst temperature from bank 1, sensor 2",,,float,celsius,,,,,
Vehicle.OBD.Catalyst.Bank2.Temperature1,sensor,"PID 3D - Catalyst temperature from bank 2, sensor 1",,,float,celsius,,,,,
Vehicle.OBD.Catalyst.Bank2.Temperature2,sensor,"PID 3F - Catalyst temperature from bank 2, sensor 2",,,float,celsius,,,,,
Vehicle.OBD.DriveCycleStatus.IsMILOn,sensor,"Malfunction Indicator Light (MIL) - False = Off, True = On",,,boolean,,,,,,
Vehicle.OBD.DriveCycleStatus.DTCCount,sensor,Number of sensor Trouble Codes (DTC),,,uint8,,,,,,
Vehicle.OBD.DriveCycleStatus.IgnitionType,sensor,"Type of the ignition for ICE - spark = spark plug ignition, compression = self-igniting (Diesel engines)",,,string,,,,"['SPARK', 'COMPRESSION']",,
Vehicle.OBD.ControlModuleVoltage,sensor,PID 42 - Control module voltage,,,float,V,,,,,
Vehicle.OBD.AbsoluteLoad,sensor,PID 43 - Absolute load value,,,float,percent,,,,,
Vehicle.OBD.CommandedEquivalenceRatio,sensor,PID 44 - Commanded equivalence ratio,,,float,ratio,,,,,
Vehicle.OBD.RelativeThrottlePosition,sensor,PID 45 - Relative throttle position,,,float,percent,,,,,
Vehicle.OBD.AmbientAirTemperature,sensor,PID 46 - Ambient air temperature,,,float,celsius,,,,,
Vehicle.OBD.ThrottlePositionB,sensor,PID 47 - Absolute throttle position B,,,float,percent,,,,,
Vehicle.OBD.ThrottlePositionC,sensor,PID 48 - Absolute throttle position C,,,float,percent,,,,,
Vehicle.OBD.AcceleratorPositionD,sensor,PID 49 - Accelerator pedal position D,,,float,percent,,,,,
Vehicle.OBD.AcceleratorPositionE,sensor,PID 4A - Accelerator pedal position E,,,float,percent,,,,,
Vehicle.OBD.AcceleratorPositionF,sensor,PID 4B - Accelerator pedal position F,,,float,percent,,,,,
Vehicle.OBD.ThrottleActuator,sensor,PID 4C - Commanded throttle actuator,,,float,percent,,,,,
Vehicle.OBD.RunTimeMIL,sensor,PID 4D - Run time with MIL on,,,float,min,,,,,
Vehicle.OBD.TimeSinceDTCCleared,sensor,PID 4E - Time since trouble codes cleared,,,float,min,,,,,
Vehicle.OBD.MaxMAF,sensor,PID 50 - Maximum flow for mass air flow sensor,,,float,g/s,,,,,
Vehicle.OBD.FuelType,attribute,PID 51 - Fuel type,,,uint8,,0,23,,,
Vehicle.OBD.EthanolPercent,sensor,PID 52 - Percentage of ethanol in the fuel,,,float,percent,,,,,
Vehicle.OBD.EVAPVaporPressureAbsolute,sensor,PID 53 - Absolute evaporative purge (EVAP) system pressure,,,float,kPa,,,,,
Vehicle.OBD.EVAPVaporPressureAlternate,sensor,PID 54 - Alternate evaporative purge (EVAP) system pressure,,,float,Pa,,,,,
Vehicle.OBD.ShortTermO2Trim1,sensor,PID 55 (byte A) - Short term secondary O2 trim - Bank 1,,,float,percent,,,,,
Vehicle.OBD.ShortTermO2Trim3,sensor,PID 55 (byte B) - Short term secondary O2 trim - Bank 3,,,float,percent,,,,,
Vehicle.OBD.LongTermO2Trim1,sensor,PID 56 (byte A) - Long term secondary O2 trim - Bank 1,,,float,percent,,,,,
Vehicle.OBD.LongTermO2Trim3,sensor,PID 56 (byte B) - Long term secondary O2 trim - Bank 3,,,float,percent,,,,,
Vehicle.OBD.ShortTermO2Trim2,sensor,PID 57 (byte A) - Short term secondary O2 trim - Bank 2,,,float,percent,,,,,
Vehicle.OBD.ShortTermO2Trim4,sensor,PID 57 (byte B) - Short term secondary O2 trim - Bank 4,,,float,percent,,,,,
Vehicle.OBD.LongTermO2Trim2,sensor,PID 58 (byte A) - Long term secondary O2 trim - Bank 2,,,float,percent,,,,,
Vehicle.OBD.LongTermO2Trim4,sensor,PID 58 (byte B) - Long term secondary O2 trim - Bank 4,,,float,percent,,,,,
Vehicle.OBD.FuelRailPressureAbsolute,sensor,PID 59 - Absolute fuel rail pressure,,,float,kPa,,,,,
Vehicle.OBD.RelativeAcceleratorPosition,sensor,PID 5A - Relative accelerator pedal position,,,float,percent,,,,,
Vehicle.OBD.HybridBatteryRemaining,sensor,PID 5B - Remaining life of hybrid battery,,,float,percent,,,,,
Vehicle.OBD.OilTemperature,sensor,PID 5C - Engine oil temperature,,,float,celsius,,,,,
Vehicle.OBD.FuelInjectionTiming,sensor,PID 5D - Fuel injection timing,,,float,degrees,,,,,
Vehicle.OBD.FuelRate,sensor,PID 5E - Engine fuel rate,,,float,l/h,,,,,
Vehicle.Driver.Identifier.Subject,sensor,Subject for the authentication of the occupant e.g. UserID 7331677.,,,string,,,,,,
Vehicle.Driver.Identifier.Issuer,sensor,Unique Issuer for the authentication of the occupant e.g. https://accounts.funcorp.com.,,,string,,,,,,
Vehicle.Driver.DistractionLevel,sensor,"Distraction level of the driver, which can be evaluated by multiple factors e.g. driving situation, acoustical or optical signals inside the cockpit, ongoing phone calls.",,,float,percent,0,100,,,
Vehicle.Driver.IsEyesOnRoad,sensor,Has driver the eyes on road or not?,,,boolean,,,,,,
Vehicle.Driver.IsHandsOnWheel,sensor,Are the driver's hands on the steering wheel or not?,,,boolean,,,,,,
Vehicle.Driver.AttentiveProbability,sensor,Probability of attentiveness of the driver.,,,float,percent,0,100,,,
Vehicle.Driver.FatigueLevel,sensor,"Fatigue level of the driver, which can be evaluated by multiple factors e.g. trip time, behaviour of steering, eye status.",,,float,percent,0,100,,,
Vehicle.Driver.HeartRate,sensor,Heart rate of the driver.,,,uint16,bpm,,,,,
Vehicle.Occupant.Identifier.Subject,sensor,Subject for the authentication of the occupant e.g. UserID 7331677.,,,string,,,,,,
Vehicle.Occupant.Identifier.Issuer,sensor,Unique Issuer for the authentication of the occupant e.g. https://accounts.funcorp.com.,,,string,,,,,,
Vehicle.Occupant.HeadPosition.X,sensor,Longitudinal position of head center measured as mid eye position on X-axis of the vehicle rear-axle coordinate system as defined by ISO 23150:2023 section 3.7.12 Mid eye position refers to the center of a line drawn between the center of the drivers eyes. Positive values = forward of (first) rear-axle. Negative values = backward of (first) rear-axle.,,,int16,mm,,,,,
Vehicle.Occupant.HeadPosition.Y,sensor,Lateral position of head center measured as mid eye position on X-axis of the vehicle rear-axle coordinate system as defined by ISO 23150:2023 section 3.7.12 Mid eye position refers to the center of a line drawn between the center of the drivers eyes. Positive values = left of rear-axle center. Negative values = right of rear-axle center.,,,int16,mm,,,,,
Vehicle.Occupant.HeadPosition.Z,sensor,Height position of head center measured as mid eye position on X-axis of the vehicle rear-axle coordinate system as defined by ISO 23150:2023 section 3.7.12 Mid eye position refers to the center of a line drawn between the center of the drivers eyes. Positive values = above center of rear-axle reference point. Negative values = below center of rear-axle reference point.,,,int16,mm,,,,,
Vehicle.Occupant.HeadPosition.Yaw,sensor,"Head yaw angle, measured from the vehicle sprung mass X-axis as defined by ISO 23150:2023 to the head X-axis, around the vehicle Z-axis (right-hand rule). 0 = Head in normal position. Positive values = Head turned left. Negative values = Head turned right.",,,float,degrees,-180,180,,,
Vehicle.Occupant.HeadPosition.Pitch,sensor,"Head pitch angle, measured as angle from vehicle sprung mass XY-plane as defined by ISO 23150:2023 to the head X-axis. 0 = Head in normal position. Positive values = Head leaning up. Negative values = Head leaning down.",,,float,degrees,-90,90,,,
Vehicle.Occupant.HeadPosition.Roll,sensor,Head roll angle about the head X-axis (right-hand rule). 0 = Head in normal position. Positive values = Head leaning to the right. Negative values = Head leaning to the left.,,,float,degrees,-180,180,,,
Vehicle.Occupant.MidEyeGaze.Azimuth,sensor,Mid eye azimuth gaze (right-hand rule) on vehicle sprung mass Z-axis as defined by ISO 23150:2023 0 = Driver looking forward. Positive values = Driver looking at something on the left side of driver. Negative values = Driver looking at something on the right side of driver.,,,float,degrees,-180,180,,,
Vehicle.Occupant.MidEyeGaze.Elevation,sensor,Elevation to observed object measured as angle between vehicle sprung mass XY-plane as defined by ISO 23150:2023 at driver mid eye position and object. 0 = Driver looking at something at same height as mid eye position. Positive values = Driver looking at something above mid eye position. Negative values = Driver looking at something below mid eye position.,,,float,degrees,-90,90,,,
Vehicle.Exterior.AirTemperature,sensor,Air temperature outside the vehicle.,,,float,celsius,,,,,
Vehicle.Exterior.Humidity,sensor,"Relative humidity outside the vehicle. 0 = Dry, 100 = Air fully saturated.",,,float,percent,0,100,,,
Vehicle.Exterior.LightIntensity,sensor,"Light intensity outside the vehicle. 0 = No light detected, 100 = Fully lit.",Mapping to physical units and calculation method is sensor specific.,,float,percent,0,100,,,
Vehicle.Service.IsServiceDue,sensor,Indicates if vehicle needs service (of any kind). True = Service needed now or in the near future. False = No known need for service.,,,boolean,,,,,,
Vehicle.Service.DistanceToService,sensor,Remaining distance to service (of any kind). Negative values indicate service overdue.,,,float,km,,,,,
Vehicle.Service.TimeToService,sensor,Remaining time to service (of any kind). Negative values indicate service overdue.,,,int32,s,,,,,
Vehicle.Connectivity.IsConnectivityAvailable,sensor,Indicates if connectivity between vehicle and cloud is available. True = Connectivity is available. False = Connectivity is not available.,"This signal can be used by onboard vehicle services to decide what features that shall be offered to the driver, for example disable the 'check for update' button if vehicle does not have connectivity.",,boolean,,,,,,
Vehicle.VersionVSS.Major,attribute,Supported Version of VSS - Major version.,,,uint32,,,,,5,
Vehicle.VersionVSS.Minor,attribute,Supported Version of VSS - Minor version.,,,uint32,,,,,0,
Vehicle.VersionVSS.Patch,attribute,Supported Version of VSS - Patch version.,,,uint32,,,,,0,
Vehicle.VersionVSS.Label,attribute,Label to further describe the version.,"COVESA VSS project typically use dev for latest master, and empty string for released versions.",,string,,,,,dev,
Vehicle.VehicleIdentification.VIN,attribute,17-character Vehicle Identification Number (VIN) as defined by ISO 3779.,,,string,,,,,,
Vehicle.VehicleIdentification.WMI,attribute,3-character World Manufacturer Identification (WMI) as defined by ISO 3780.,,,string,,,,,,
Vehicle.VehicleIdentification.Brand,attribute,Vehicle brand or manufacturer.,,,string,,,,,,
Vehicle.VehicleIdentification.Model,attribute,Vehicle model.,,,string,,,,,,
Vehicle.VehicleIdentification.Year,attribute,Model year of the vehicle.,,,uint16,,,,,,
Vehicle.VehicleIdentification.AcrissCode,attribute,The ACRISS Car Classification Code is a code used by many car rental companies.,,,string,,,,,,
Vehicle.VehicleIdentification.BodyType,attribute,"Indicates the design and body style of the vehicle (e.g. station wagon, hatchback, etc.).",,,string,,,,,,
Vehicle.VehicleIdentification.DateVehicleFirstRegistered,attribute,The date in ISO 8601 format of the first registration of the vehicle with the respective public authorities.,,,string,iso8601,,,,,
Vehicle.VehicleIdentification.LicensePlate,attribute,The license plate of the vehicle.,"Depending on the context, this attribute might not be up to date or might be misconfigured, and therefore should be considered untrustworthy in the absence of another method of verification.",,string,,,,,,
Vehicle.VehicleIdentification.MeetsEmissionStandard,attribute,Indicates that the vehicle meets the respective emission standard.,,,string,,,,,,
Vehicle.VehicleIdentification.ProductionDate,attribute,"The date in ISO 8601 format of production of the item, e.g. vehicle.",,,string,iso8601,,,,,
Vehicle.VehicleIdentification.PurchaseDate,attribute,The date in ISO 8601 format of the item e.g. vehicle was purchased by the current owner.,,,string,iso8601,,,,,
Vehicle.VehicleIdentification.VehicleModelDate,attribute,The release date in ISO 8601 format of a vehicle model (often used to differentiate versions of the same make and model).,,,string,iso8601,,,,,
Vehicle.VehicleIdentification.VehicleConfiguration,attribute,"A short text indicating the configuration of the vehicle, e.g. '5dr hatchback ST 2.5 MT 225 hp' or 'limited edition'.",,,string,,,,,,
Vehicle.VehicleIdentification.VehicleSeatingCapacity,attribute,"The number of passengers that can be seated in the vehicle, both in terms of the physical space available, and in terms of limitations set by law.",,,uint16,,,,,,
Vehicle.VehicleIdentification.VehicleSpecialUsage,attribute,"Indicates whether the vehicle has been used for special purposes, like commercial rental, driving school.",,,string,,,,,,
Vehicle.VehicleIdentification.VehicleExteriorColor,attribute,"The main color of the exterior within the basic color palette (eg. red, blue, black, white, ...).",,,string,,,,,,
Vehicle.VehicleIdentification.VehicleInteriorColor,attribute,The color or color combination of the interior of the vehicle.,,,string,,,,,,
Vehicle.VehicleIdentification.VehicleInteriorType,attribute,"The type or material of the interior of the vehicle (e.g. synthetic fabric, leather, wood, etc.).",,,string,,,,,,
Vehicle.VehicleIdentification.KnownVehicleDamages,attribute,"A textual description of known damages, both repaired and unrepaired.",,,string,,,,,,
Vehicle.VehicleIdentification.OptionalExtras,attribute,Optional extras refers to all car equipment options that are not installed as standard by the manufacturer.,"Allowed values are not standardized, each OEM can specify detail descriptions of array elements.",,string[],,,,,,
Vehicle.LowVoltageSystemState,sensor,State of the supply voltage of the control units (usually 12V).,,,string,,,,"['UNDEFINED', 'LOCK', 'OFF', 'ACC', 'ON', 'START']",,
Vehicle.LowVoltageBattery.NominalVoltage,attribute,Nominal Voltage of the battery.,Nominal voltage typically refers to voltage of fully charged battery when delivering rated capacity.,,uint16,V,,,,,
Vehicle.LowVoltageBattery.NominalCapacity,attribute,Nominal capacity of the low voltage battery.,,,uint16,Ah,,,,,
Vehicle.LowVoltageBattery.CurrentVoltage,sensor,Current Voltage of the low voltage battery.,,,float,V,,,,,
Vehicle.LowVoltageBattery.CurrentCurrent,sensor,"Current current flowing in/out of the low voltage battery. Positive = Current flowing in to battery, e.g. during charging or driving. Negative = Current flowing out of battery, e.g. when using the battery to start a combustion engine.",,,float,A,,,,,
Vehicle.Speed,sensor,Vehicle speed.,,,float,km/h,,,,,
Vehicle.TraveledDistance,sensor,"Odometer reading, total distance traveled during the lifetime of the vehicle.",,,float,km,,,,,
Vehicle.TraveledDistanceSinceStart,sensor,Distance traveled since start of current trip.,A new trip is considered to start when engine gets enabled (e.g. LowVoltageSystemState in ON or START mode). A trip is considered to end when engine is no longer enabled. The signal may however keep the value of the last trip until a new trip is started.,,float,km,,,,,
Vehicle.StartTime,attribute,"Start time of current or latest trip, formatted according to ISO 8601 with UTC time zone.","This signal is supposed to be set whenever a new trip starts. A new trip is considered to start when engine gets enabled (e.g. LowVoltageSystemState in ON or START mode). A trip is considered to end when engine is no longer enabled. The default value indicates that the vehicle never has been started, or that latest start time is unknown.",,string,iso8601,,,,0000-01-01T00:00Z,
Vehicle.TripDuration,sensor,Duration of latest trip.,"This signal is not assumed to be continuously updated, but instead set to 0 when a trip starts and set to the actual duration of the trip when a trip ends. A new trip is considered to start when engine gets enabled (e.g. LowVoltageSystemState in ON or START mode). A trip is considered to end when engine is no longer enabled.",,float,s,,,,,
Vehicle.TripMeterReading,actuator,Trip meter reading.,The trip meter is an odometer that can be manually reset by the driver,,float,km,,,,,
Vehicle.IsBrokenDown,sensor,"Vehicle breakdown or any similar event causing vehicle to stop on the road, that might pose a risk to other road users. True = Vehicle broken down on the road, due to e.g. engine problems, flat tire, out of gas, brake problems. False = Vehicle not broken down.",Actual criteria and method used to decide if a vehicle is broken down is implementation specific.,,boolean,,,,,,
Vehicle.IsMoving,sensor,Indicates whether the vehicle is stationary or moving.,,,boolean,,,,,,
Vehicle.AverageSpeed,sensor,Average speed for the current trip.,A new trip is considered to start when engine gets enabled (e.g. LowVoltageSystemState in ON or START mode). A trip is considered to end when engine is no longer enabled. The signal may however keep the value of the last trip until a new trip is started. Calculation of average speed may exclude periods when the vehicle for example is not moving or transmission is in neutral.,,float,km/h,,,,,
Vehicle.Acceleration.Longitudinal,sensor,Vehicle acceleration in X (longitudinal acceleration).,,,float,m/s^2,,,,,
Vehicle.Acceleration.Lateral,sensor,Vehicle acceleration in Y (lateral acceleration).,,,float,m/s^2,,,,,
Vehicle.Acceleration.Vertical,sensor,Vehicle acceleration in Z (vertical acceleration).,,,float,m/s^2,,,,,
Vehicle.AngularVelocity.Roll,sensor,Vehicle rotation rate along X (longitudinal).,,,float,degrees/s,,,,,
Vehicle.AngularVelocity.Pitch,sensor,Vehicle rotation rate along Y (lateral).,,,float,degrees/s,,,,,
Vehicle.AngularVelocity.Yaw,sensor,Vehicle rotation rate along Z (vertical).,,,float,degrees/s,,,,,
Vehicle.RoofLoad,attribute,The permitted total weight of cargo and installations (e.g. a roof rack) on top of the vehicle.,,,int16,kg,,,,,
Vehicle.CargoVolume,attribute,"The available volume for cargo or luggage. For automobiles, this is usually the trunk volume.",,,float,l,0,,,,
Vehicle.EmissionsCO2,attribute,The CO2 emissions.,,,int16,g/km,,,,,
Vehicle.CurrentOverallWeight,sensor,"Current overall Vehicle weight. Including passengers, cargo and other load inside the car.",,,uint16,kg,,,,,
Vehicle.CurbWeight,attribute,"Vehicle curb weight, including all liquids and full tank of fuel, but no cargo or passengers.",,,uint16,kg,,,,0,
Vehicle.GrossWeight,attribute,"Curb weight of vehicle, including all liquids and full tank of fuel and full load of cargo and passengers.",,,uint16,kg,,,,0,
Vehicle.MaxTowWeight,attribute,Maximum weight of trailer.,,,uint16,kg,,,,0,
Vehicle.MaxTowBallWeight,attribute,Maximum vertical weight on the tow ball of a trailer.,,,uint16,kg,,,,0,
Vehicle.Length,attribute,Overall vehicle length.,,,uint16,mm,,,,0,
Vehicle.Height,attribute,Overall vehicle height.,,,uint16,mm,,,,0,
Vehicle.Width,attribute,Overall vehicle width.,,,uint16,mm,,,,0,
Vehicle.WidthExcludingMirrors,attribute,"Overall vehicle width excluding mirrors, as defined by SAE J1100-2009 W103.",,,uint16,mm,,,,0,
Vehicle.WidthIncludingMirrors,attribute,"Overall vehicle width including mirrors, as defined by SAE J1100-2009 W144.",,,uint16,mm,,,,,
Vehicle.WidthFoldedMirrors,attribute,"Overall vehicle width with mirrors folded, as defined by SAE J1100-2009 W145.",,,uint16,mm,,,,,
Vehicle.TurningDiameter,attribute,"Minimum turning diameter, Wall-to-Wall, as defined by SAE J1100-2009 D102.",,,uint16,mm,,,,,
Vehicle.Trailer.IsConnected,sensor,Signal indicating if trailer is connected or not.,,,boolean,,,,,,
Vehicle.CurrentLocation.Timestamp,sensor,"Timestamp from GNSS system for current location, formatted according to ISO 8601 with UTC time zone.",,,string,iso8601,,,,,
Vehicle.CurrentLocation.Latitude,sensor,"Current latitude of vehicle in WGS 84 geodetic coordinates, as measured at the position of GNSS receiver antenna.",,,double,degrees,-90,90,,,
Vehicle.CurrentLocation.Longitude,sensor,"Current longitude of vehicle in WGS 84 geodetic coordinates, as measured at the position of GNSS receiver antenna.",,,double,degrees,-180,180,,,
Vehicle.CurrentLocation.Heading,sensor,"Current heading relative to geographic north. 0 = North, 90 = East, 180 = South, 270 = West.",,,double,degrees,0,360,,,
Vehicle.CurrentLocation.HorizontalAccuracy,sensor,Accuracy of the latitude and longitude coordinates.,,,double,m,,,,,
Vehicle.CurrentLocation.Altitude,sensor,"Current altitude relative to WGS 84 reference ellipsoid, as measured at the position of GNSS receiver antenna.",,,double,m,,,,,
Vehicle.CurrentLocation.VerticalAccuracy,sensor,Accuracy of altitude.,,,double,m,,,,,
Vehicle.CurrentLocation.GNSSReceiver.FixType,sensor,Fix status of GNSS receiver.,,,string,,,,"['NONE', 'TWO_D', 'TWO_D_SATELLITE_BASED_AUGMENTATION', 'TWO_D_GROUND_BASED_AUGMENTATION', 'TWO_D_SATELLITE_AND_GROUND_BASED_AUGMENTATION', 'THREE_D', 'THREE_D_SATELLITE_BASED_AUGMENTATION', 'THREE_D_GROUND_BASED_AUGMENTATION', 'THREE_D_SATELLITE_AND_GROUND_BASED_AUGMENTATION']",,
Vehicle.CurrentLocation.GNSSReceiver.MountingPosition.X,attribute,Mounting position of GNSS receiver antenna relative to vehicle coordinate system. Axis definitions according to ISO 8855. Origin at center of (first) rear axle. Positive values = forward of rear axle. Negative values = backward of rear axle.,,,int16,mm,,,,,
Vehicle.CurrentLocation.GNSSReceiver.MountingPosition.Y,attribute,"Mounting position of GNSS receiver antenna relative to vehicle coordinate system. Axis definitions according to ISO 8855. Origin at center of (first) rear axle. Positive values = left of origin. Negative values = right of origin. Left/Right is as seen from driver perspective, i.e. by a person looking forward.",,,int16,mm,,,,,
Vehicle.CurrentLocation.GNSSReceiver.MountingPosition.Z,attribute,Mounting position of GNSS receiver on Z-axis. Axis definitions according to ISO 8855. Origin at center of (first) rear axle. Positive values = above center of rear axle. Negative values = below center of rear axle.,,,int16,mm,,,,,
Vehicle.PowerOptimizeLevel,actuator,"Power optimization level for this branch/subsystem. A higher number indicates more aggressive power optimization. Level 0 indicates that all functionality is enabled, no power optimization enabled. Level 10 indicates most aggressive power optimization mode, only essential functionality enabled.",,,uint8,,0,10,,,
Vehicle.IsAutoPowerOptimize,actuator,"Auto Power Optimization Flag When set to 'true', the system enables automatic power optimization, dynamically adjusting the power optimization level based on runtime conditions or features managed by the OEM. When set to 'false', manual control of the power optimization level is allowed.",,,boolean,,,,,,
Vehicle.Diagnostics.DTCCount,sensor,Number of Diagnostic Trouble Codes (DTC),,,uint8,,,,,,
Vehicle.Diagnostics.DTCList,sensor,List of currently active DTCs formatted according OBD II (SAE-J2012DA_201812) standard ([P|C|B|U]XXXXX ),,,string[],,,,,,
